"age","created_at","education","gender","occupation","user_id"
44,"2023-03-28T14:43:39.217Z","bachelor","female","Sales Professional","6422fcb5185744047cc41c8b"
32,"2023-03-28T15:17:29.270Z","high school","female","self employed","642304d04d2cb1cd50d5e42e"
42,"2023-03-28T15:18:01.994Z","bachelor","male","tech lead","642304c0ad642925c209928a"
29,"2023-03-28T15:18:54.411Z","master","female","Research Assistant","642305204d2cb1cd50d5e434"
29,"2023-03-28T15:20:45.906Z","high school","male","Unemployed","642305434d2cb1cd50d5e43a"
35,"2023-03-28T15:21:40.721Z","high school","female","Sales Manager","642305264d2cb1cd50d5e435"
38,"2023-03-29T14:57:01.703Z","doctorate","female","Primary Care Doctor","642451712f63da2abdc4a095"
51,"2023-03-29T14:57:36.651Z","doctorate","female","Doctor","642451582f63da2abdc4a093"
36,"2023-03-29T15:01:03.264Z","bachelor","female","Insurance Admin","642452312f63da2abdc4a09b"
34,"2023-03-29T15:01:22.237Z","high school","male","Consultant","642452822f63da2abdc4a09f"
47,"2023-03-29T15:03:45.995Z","less than high school","male","Supervisor","64245312f1ea98466bcab451"
30,"2023-03-29T15:04:36.233Z","bachelor","male","Laboratory Technician","642452f42f63da2abdc4a0a6"
44,"2023-03-29T15:06:09.922Z","bachelor","male","data analyst","64245377f1ea98466bcab459"
41,"2023-03-29T15:06:33.873Z","high school","female","homemaker","642452f12f63da2abdc4a0a5"
25,"2023-03-29T15:06:43.371Z","high school","male","Officer","642453c5f1ea98466bcab461"
34,"2023-03-29T15:07:00.238Z","high school","male","Software Engineer","642453aff1ea98466bcab45f"
55,"2023-03-29T15:07:27.205Z","bachelor","female","retired","642453d5f1ea98466bcab464"
67,"2023-03-29T15:07:33.181Z","high school","male","driver","6424531ff1ea98466bcab452"
33,"2023-03-29T15:07:37.304Z","high school","male","unemployed","64245405f1ea98466bcab46d"
26,"2023-03-29T15:07:38.802Z","high school","female",NA,"642453f0f1ea98466bcab467"
44,"2023-03-29T15:07:40.262Z","high school","female","legal admin","64245389f1ea98466bcab45c"
33,"2023-03-29T15:08:36.955Z","bachelor","female","HR Advisor","64245372f1ea98466bcab457"
31,"2023-03-29T15:09:23.857Z","high school","female","admin","6424545bf1ea98466bcab47d"
31,"2023-03-29T15:09:40.614Z","bachelor","female","Teacher","64245476f1ea98466bcab484"
55,"2023-03-29T15:09:54.254Z","bachelor","female","Retail business owner","642454282f63da2abdc4a0a9"
24,"2023-03-29T15:09:55.114Z","bachelor","female","Student","64245441f1ea98466bcab47a"
20,"2023-03-29T15:10:09.017Z","high school","male","Student","642454792f63da2abdc4a0ab"
32,"2023-03-29T15:10:28.202Z","high school","female","Clinical IT Analyst","642454a1f1ea98466bcab48d"
28,"2023-03-29T15:10:54.258Z","bachelor","male","Civil Engineer","64245485f1ea98466bcab486"
29,"2023-03-29T15:11:00.453Z","bachelor","male","Unemployed","642454b12f63da2abdc4a0af"
23,"2023-03-29T15:11:10.212Z","high school","male","Student","6424548df1ea98466bcab489"
48,"2023-03-29T15:11:46.661Z","bachelor","female","HEALTH AND SAFETY ","642454cff1ea98466bcab49c"
60,"2023-03-29T15:11:57.171Z","bachelor","male","retired","64245497f1ea98466bcab48b"
53,"2023-03-29T15:12:01.973Z","high school","male","Gardener","6424546cf1ea98466bcab481"
25,"2023-03-29T15:12:05.636Z","master","male","PhD Student","642454fa2f63da2abdc4a0b3"
24,"2023-03-29T15:12:06.039Z","bachelor","male","Software Engineer","64245505f1ea98466bcab4a3"
20,"2023-03-29T15:12:09.246Z","high school","female","Student","642454ea2f63da2abdc4a0b0"
46,"2023-03-29T15:12:14.923Z","master","female","Admin","6424550df1ea98466bcab4a6"
47,"2023-03-29T15:12:20.619Z","bachelor","male","IT Manager","642454fd2f63da2abdc4a0b4"
57,"2023-03-29T15:12:28.077Z","bachelor","male","Local Government Officer","6424550ef1ea98466bcab4a7"
42,"2023-03-29T15:12:39.180Z","bachelor","male","Engineer","64245470f1ea98466bcab482"
29,"2023-03-29T15:12:54.640Z","bachelor","female","Radiographer","64245516f1ea98466bcab4a9"
30,"2023-03-29T15:13:06.795Z","bachelor","female","pharmacist","6424553af1ea98466bcab4b8"
24,"2023-03-29T15:13:07.363Z","high school","diverse","I.T Support","64245531f1ea98466bcab4b3"
45,"2023-03-29T15:13:07.866Z","high school","male","Warehouseman","6424552df1ea98466bcab4b2"
45,"2023-03-29T15:13:21.861Z","high school","female","Housing officer","6424551df1ea98466bcab4ac"
38,"2023-03-29T15:13:47.488Z","bachelor","female","Technical Writer","6424556120f7049a5a59a03b"
71,"2023-03-29T15:13:49.564Z","high school","female","Office Manager","6424555a20f7049a5a59a039"
18,"2023-03-29T15:13:50.250Z","less than high school","male","Sales assistant","6424555d2f63da2abdc4a0c7"
48,"2023-03-29T15:13:51.587Z","bachelor","female","Executive Assistant","642455252f63da2abdc4a0b7"
44,"2023-03-29T15:14:08.667Z","high school","male","Surveyor","6424552c2f63da2abdc4a0ba"
55,"2023-03-29T15:14:19.442Z","bachelor","male","Fitness coach","642455722f63da2abdc4a0d0"
77,"2023-03-29T15:14:26.794Z","master","male","retired","6424556320f7049a5a59a03c"
61,"2023-03-29T15:14:32.115Z","bachelor","female","Teacher","64245576f1ea98466bcab4be"
20,"2023-03-29T15:14:42.339Z","high school","female","Student","6424559af1ea98466bcab4c8"
36,"2023-03-29T15:14:44.254Z","high school","male","Director","6424557af1ea98466bcab4c0"
20,"2023-03-29T15:15:04.668Z","high school","female","Student","642455be2f63da2abdc4a0d6"
27,"2023-03-29T15:15:09.966Z","master","female","civil servant","642455a8f1ea98466bcab4ca"
45,"2023-03-29T15:15:13.600Z","master","female","Business owner","642455642f63da2abdc4a0c8"
18,"2023-03-29T15:15:14.204Z","high school","male","Unemployed","642455d120f7049a5a59a04c"
24,"2023-03-29T15:15:19.581Z","master","female","Student","64245524f1ea98466bcab4af"
24,"2023-03-29T15:15:19.613Z","master","male","Unemployed","6424555820f7049a5a59a038"
20,"2023-03-29T15:15:23.244Z","high school","female","student","642455572f63da2abdc4a0c5"
29,"2023-03-29T15:15:28.988Z","high school","female","Dog Groomer","6424558920f7049a5a59a041"
57,"2023-03-29T15:15:35.277Z","bachelor","female","Security Officer","6424559e20f7049a5a59a048"
50,"2023-03-29T15:15:45.447Z","bachelor","male","IT","6424557620f7049a5a59a03d"
31,"2023-03-29T15:15:54.528Z","high school","female","Housing Advisor","64245601f1ea98466bcab4e5"
61,"2023-03-29T15:15:55.013Z","bachelor","female","part time employed","6424559520f7049a5a59a045"
38,"2023-03-29T15:16:02.507Z","high school","male","police","642455d5f1ea98466bcab4db"
24,"2023-03-29T15:16:16.586Z","bachelor","female","Fundraising Manager ","642456162f63da2abdc4a0de"
26,"2023-03-29T15:16:23.251Z","less than high school","female","aftersales controller","642455cef1ea98466bcab4d6"
26,"2023-03-29T15:16:23.801Z","master","male","Research Technician","6424561320f7049a5a59a064"
32,"2023-03-29T15:16:23.895Z","bachelor","female","fleet manager","642455a820f7049a5a59a04b"
18,"2023-03-29T15:16:24.148Z","bachelor","male","IT","642456092f63da2abdc4a0db"
19,"2023-03-29T15:16:26.964Z","high school","male","Student","6424560420f7049a5a59a05d"
36,"2023-03-29T15:16:31.115Z","high school","female","Restaurant manager ","642455dc20f7049a5a59a050"
37,"2023-03-29T15:16:35.729Z","high school","male","Unemployed","642455c0f1ea98466bcab4d3"
30,"2023-03-29T15:16:36.647Z","bachelor","female","Arts Admin","6424561120f7049a5a59a062"
51,"2023-03-29T15:16:42.854Z","doctorate","male","Music Teacher","64245609f1ea98466bcab4ea"
55,"2023-03-29T15:17:01.319Z","high school","female","shop assistant","64245608f1ea98466bcab4e9"
72,"2023-03-29T15:17:18.275Z","bachelor","male","Retired","642456382f63da2abdc4a0e7"
29,"2023-03-29T15:17:25.897Z","bachelor","female","communications officer","64245652f1ea98466bcab4f6"
25,"2023-03-29T15:17:26.234Z","bachelor","female","Unemployed - Previously Application Support Analyst","642455ea20f7049a5a59a053"
34,"2023-03-29T15:17:36.351Z","high school","female","Accounts assistant ","64245640f1ea98466bcab4ed"
53,"2023-03-29T15:17:36.743Z","master","female","Healthcare professional","64245654f1ea98466bcab4f8"
19,"2023-03-29T15:17:38.869Z","master","female","civil servant","6424563920f7049a5a59a071"
23,"2023-03-29T15:17:39.737Z","bachelor","male","PhD student","6424564e20f7049a5a59a07d"
54,"2023-03-29T15:17:42.811Z","master","female","full time employed ","6424561f20f7049a5a59a06b"
21,"2023-03-29T15:17:53.807Z","high school","male","Website Content Manager","64245654f1ea98466bcab4fa"
33,"2023-03-29T15:17:59.012Z","high school","female","student ","6424566720f7049a5a59a087"
24,"2023-03-29T15:18:10.262Z","high school","male","Working full time.","6424567420f7049a5a59a08c"
60,"2023-03-29T15:18:11.878Z","bachelor","female","Retired","642455ecf1ea98466bcab4df"
53,"2023-03-29T15:18:32.727Z","bachelor","male","Senior Materials Engineer, Metallurgist","6424565f20f7049a5a59a082"
59,"2023-03-29T15:18:39.267Z","bachelor","male","Software Engineer","64245686f1ea98466bcab4fd"
49,"2023-03-29T15:18:43.567Z","bachelor","male","IT Project Manager","6424563d20f7049a5a59a073"
47,"2023-03-29T15:18:44.341Z","high school","male","artist","6424564a20f7049a5a59a07a"
28,"2023-03-29T15:18:45.970Z","master","male","Occ hygienist ","642456a420f7049a5a59a0a1"
32,"2023-03-29T15:18:51.038Z","bachelor","female","Consultant","6424568af1ea98466bcab4ff"
19,"2023-03-29T15:18:59.327Z","high school","female","student","642456a2f1ea98466bcab50f"
28,"2023-03-29T15:19:04.390Z","bachelor","male","Financial Analyst","6424567620f7049a5a59a08d"
29,"2023-03-29T15:19:05.294Z","bachelor","female","Central merchandiser ","6424566a20f7049a5a59a088"
50,"2023-03-29T15:19:06.055Z","bachelor","other","Looking for work","6424565820f7049a5a59a07e"
26,"2023-03-29T15:19:06.913Z","master","female","Student","64245612f1ea98466bcab4ec"
36,"2023-03-29T15:19:14.654Z","other","female","Technical Coordinator - Infrastructure","64245698f1ea98466bcab507"
40,"2023-03-29T15:19:15.910Z","doctorate","male","academic","642456a0f1ea98466bcab50c"
37,"2023-03-29T15:19:19.925Z","bachelor","male","Contracts Manager","64245644f1ea98466bcab4ef"
41,"2023-03-29T15:19:35.293Z","bachelor","male","teacher","642456bb10c199041f3e02ba"
29,"2023-03-29T15:19:40.050Z","bachelor","female","Retail assistant","6424569020f7049a5a59a099"
43,"2023-03-29T15:19:41.449Z","bachelor","female","Admin","6424568ef1ea98466bcab500"
36,"2023-03-29T15:19:58.891Z","master","male","Data","6424568ff1ea98466bcab501"
35,"2023-03-29T15:20:02.004Z","high school","female","Unable to work due to illness/disability","642456a5f1ea98466bcab511"
20,"2023-03-29T15:20:11.682Z","high school","female","Student","64245695f1ea98466bcab504"
59,"2023-03-29T15:20:12.254Z","high school","female","Retired","642456a3f1ea98466bcab510"
31,"2023-03-29T15:20:12.368Z","master","female","elearning assistant","642456cc20f7049a5a59a0b0"
61,"2023-03-29T15:20:15.688Z","high school","female","consultant","642456d720f7049a5a59a0b4"
31,"2023-03-29T15:20:17.642Z","doctorate","female","Healthcare data manager","642456e7f1ea98466bcab526"
56,"2023-03-29T15:20:18.445Z","high school","female","Adminstrator","642456af10c199041f3e02b6"
22,"2023-03-29T15:20:24.042Z","bachelor","female","student","6424571910c199041f3e02c5"
29,"2023-03-29T15:20:41.066Z","high school","male","Slob","6424570710c199041f3e02bd"
50,"2023-03-29T15:20:50.019Z","bachelor","male","Not working","642456e7f1ea98466bcab527"
61,"2023-03-29T15:20:50.132Z","less than high school","male","sheet metal worker","642456fcf1ea98466bcab531"
43,"2023-03-29T15:20:50.604Z","master","male","Engineer","642456bef1ea98466bcab514"
34,"2023-03-29T15:20:56.709Z","bachelor","male","Proof-reader","642456b420f7049a5a59a0a9"
33,"2023-03-29T15:21:01.953Z","bachelor","male","Finance Manager","642455f520f7049a5a59a056"
27,"2023-03-29T15:21:05.711Z","master","male","Civil Servant","642456fc20f7049a5a59a0bf"
22,"2023-03-29T15:21:06.401Z","master","female","Student","642456fcf1ea98466bcab530"
32,"2023-03-29T15:21:12.610Z","less than high school","male","Portfolio Manager","6424572e2f63da2abdc4a0f8"
23,"2023-03-29T15:21:17.510Z","bachelor","male","Unemployed","6424573410c199041f3e02d7"
30,"2023-03-29T15:21:18.346Z","bachelor","male","Student","642457262f63da2abdc4a0f4"
42,"2023-03-29T15:21:21.697Z","high school","female","carer","6424573a10c199041f3e02db"
38,"2023-03-29T15:21:28.059Z","high school","male","Custom broker","642457092f63da2abdc4a0f0"
54,"2023-03-29T15:21:29.196Z","bachelor","male","postman","642457232f63da2abdc4a0f3"
29,"2023-03-29T15:21:31.631Z","bachelor","female","Care assistant","6424571210c199041f3e02c2"
30,"2023-03-29T15:21:35.501Z","high school","female","Admin Assistant","6424574c10c199041f3e02eb"
36,"2023-03-29T15:21:39.381Z","master","female","Research assistant","6424571bf1ea98466bcab53e"
45,"2023-03-29T15:21:40.352Z","high school","female","Teaching assistant ","6424572d2f63da2abdc4a0f7"
39,"2023-03-29T15:21:42.190Z","high school","female","Legal Administrator","6424572cf1ea98466bcab54a"
34,"2023-03-29T15:21:45.550Z","doctorate","male","University Lecturer","64245752f1ea98466bcab54f"
45,"2023-03-29T15:21:45.990Z","high school","female","Customer Service Representative, mobile and voice","642456ebf1ea98466bcab528"
76,"2023-03-29T15:21:46.531Z","less than high school","male","retired","642456e2f1ea98466bcab523"
29,"2023-03-29T15:21:52.505Z","bachelor","female","Program Consultant","6424574310c199041f3e02e1"
53,"2023-03-29T15:21:53.529Z","master","male","Unemployed","642456402f63da2abdc4a0e9"
22,"2023-03-29T15:21:55.295Z","bachelor","female","student","642457282f63da2abdc4a0f5"
39,"2023-03-29T15:21:56.388Z","bachelor","female","Business Support Officer","64245720f1ea98466bcab545"
33,"2023-03-29T15:21:56.466Z","other","female","Freelance Artist ","6424556f2f63da2abdc4a0cd"
57,"2023-03-29T15:21:56.709Z","high school","male","Groundsman","6424574020f7049a5a59a0c8"
30,"2023-03-29T15:21:57.824Z","bachelor","female","software tester","642456c2f1ea98466bcab515"
28,"2023-03-29T15:21:59.101Z","high school","female","Teaching assistsnt","6424572f2f63da2abdc4a0f9"
58,"2023-03-29T15:22:00.244Z","master","male","Research scientist","64245720f1ea98466bcab546"
44,"2023-03-29T15:22:00.736Z","bachelor","female","Civil Servant","642456b320f7049a5a59a0a7"
64,"2023-03-29T15:22:06.000Z","bachelor","male","Retired","6424573510c199041f3e02d8"
63,"2023-03-29T15:22:07.642Z","master","female","Needs Assessor (I assess disabled students for funding to support their university studies)","6424570d10c199041f3e02c1"
54,"2023-03-29T15:22:13.643Z","high school","male","Retired Firefighter","6424571df1ea98466bcab542"
28,"2023-03-29T15:22:14.060Z","bachelor","female","account manager","642457742f63da2abdc4a10f"
19,"2023-03-29T15:22:16.561Z","high school","female","student","6424578a2f63da2abdc4a11f"
21,"2023-03-29T15:22:19.883Z","bachelor","female","student","6424574c10c199041f3e02ea"
52,"2023-03-29T15:22:20.094Z","bachelor","male","Healthcare Manager","6424570910c199041f3e02c0"
45,"2023-03-29T15:22:28.956Z","bachelor","male","Senior Sales Director","6424576f20f7049a5a59a0d2"
32,"2023-03-29T15:22:31.286Z","high school","female","office manager","6424577620f7049a5a59a0d7"
56,"2023-03-29T15:22:34.550Z","high school","male","Transport Shift Lead","6424569bf1ea98466bcab508"
37,"2023-03-29T15:22:37.185Z","high school","diverse","Retail Customer Service/Barista","642456c820f7049a5a59a0ae"
35,"2023-03-29T15:22:38.077Z","bachelor","female","Civil Servant","6424573d10c199041f3e02de"
35,"2023-03-29T15:22:39.113Z","high school","male","Account Manager ","6424579210c199041f3e0311"
61,"2023-03-29T15:22:39.932Z","bachelor","male","Laboratory Manager","642457572f63da2abdc4a102"
64,"2023-03-29T15:22:41.762Z","master","female","Cinema assistant","6424570710c199041f3e02be"
26,"2023-03-29T15:22:42.206Z","high school","female","business support officer","642457862f63da2abdc4a11a"
53,"2023-03-29T15:22:45.997Z","master","male","Consultant","642457632f63da2abdc4a109"
46,"2023-03-29T15:22:46.460Z","bachelor","male","freelancer","642457562f63da2abdc4a101"
27,"2023-03-29T15:22:49.721Z","high school","female","Working full time ","64245715f1ea98466bcab53c"
43,"2023-03-29T15:22:57.380Z","high school","male","engineer","642457652f63da2abdc4a10a"
23,"2023-03-29T15:22:58.802Z","master","female","student","642457ae2f63da2abdc4a13a"
35,"2023-03-29T15:23:00.079Z","bachelor","female","Project Manager","6424574e10c199041f3e02ec"
31,"2023-03-29T15:23:00.472Z","bachelor","female","Buyer","642457912f63da2abdc4a123"
33,"2023-03-29T15:23:04.231Z","bachelor","male","Call centre agent","6424578b10c199041f3e030d"
21,"2023-03-29T15:23:10.818Z","high school","male","Unemployed and seeking work","64245721f1ea98466bcab547"
28,"2023-03-29T15:23:12.006Z","master","female","Librarian","6424578510c199041f3e0309"
27,"2023-03-29T15:23:14.370Z","master","female","hr manager","6424572cf1ea98466bcab549"
28,"2023-03-29T15:23:20.366Z","bachelor","female","Product manager","6424574710c199041f3e02e5"
39,"2023-03-29T15:23:20.564Z","high school","female","Administrator","6424576710c199041f3e02f7"
52,"2023-03-29T15:23:20.708Z","bachelor","female","Merchandiser","6424573220f7049a5a59a0c3"
22,"2023-03-29T15:23:23.285Z","master","male","Student","642457a0f1ea98466bcab569"
40,"2023-03-29T15:23:28.982Z","master","female","Teacher","642457b62f63da2abdc4a13f"
50,"2023-03-29T15:23:30.290Z","high school","female","IT manager","6424571cf1ea98466bcab541"
53,"2023-03-29T15:23:33.460Z","high school","female","Marketing Assistant","64245751f1ea98466bcab54d"
51,"2023-03-29T15:23:39.759Z","high school","female","Retired","6424573a10c199041f3e02dc"
35,"2023-03-29T15:23:40.406Z","other","female","Student","6424578910c199041f3e030b"
20,"2023-03-29T15:23:42.364Z","high school","male","Apprentice Offshore Engineer","64245792f1ea98466bcab559"
27,"2023-03-29T15:23:59.468Z","high school","female","administration officer - full time","642457802f63da2abdc4a117"
32,"2023-03-29T15:24:03.510Z","bachelor","female","Personnel Visas Officer & student","6424577520f7049a5a59a0d6"
20,"2023-03-29T15:24:08.083Z","high school","male","Student","642457c2f1ea98466bcab579"
21,"2023-03-29T15:24:10.923Z","bachelor","male","teacher","6424579af1ea98466bcab562"
22,"2023-03-29T15:24:15.027Z","high school","male","Apprentice","642457bef1ea98466bcab578"
30,"2023-03-29T15:24:18.468Z","bachelor","female","Manager","642457e2f1ea98466bcab590"
33,"2023-03-29T15:24:21.967Z","bachelor","female","Unemployed","642455cf2f63da2abdc4a0d8"
35,"2023-03-29T15:24:24.175Z","master","female","Marketing ","642457bcf1ea98466bcab574"
70,"2023-03-29T15:24:29.163Z","bachelor","male","retired","642457a92f63da2abdc4a136"
74,"2023-03-29T15:24:30.572Z","high school","female","retired","6424573f20f7049a5a59a0c7"
22,"2023-03-29T15:24:30.899Z","bachelor","female","Student","642457d0f1ea98466bcab584"
34,"2023-03-29T15:24:32.829Z","high school","female","Student Education Services Officer","64245792f1ea98466bcab558"
52,"2023-03-29T15:24:34.253Z","less than high school","male","Company director","642457ed2f63da2abdc4a156"
28,"2023-03-29T15:24:38.458Z","bachelor","male","Engineer","64245782f1ea98466bcab555"
27,"2023-03-29T15:24:46.633Z","bachelor","male","tutor","642457862f63da2abdc4a11b"
54,"2023-03-29T15:24:47.101Z","high school","female","Teaching Assistant","642457982f63da2abdc4a128"
20,"2023-03-29T15:24:47.939Z","high school","female","Student","642457fff1ea98466bcab596"
25,"2023-03-29T15:24:52.315Z","bachelor","female","Manager","64245811f1ea98466bcab59b"
36,"2023-03-29T15:24:55.791Z","bachelor","female","Teacher","642457ddf1ea98466bcab58d"
28,"2023-03-29T15:24:56.976Z","bachelor","male","Administrator","642457ef2f63da2abdc4a157"
31,"2023-03-29T15:25:01.615Z","high school","male","Joiner","642458082f63da2abdc4a15e"
24,"2023-03-29T15:25:03.027Z","master","female","Analyst","642457732f63da2abdc4a10e"
37,"2023-03-29T15:25:05.278Z","high school","male","Recruitmet Manager","642458052f63da2abdc4a15d"
57,"2023-03-29T15:25:10.869Z","high school","female","Graphic Designer","642457ea2f63da2abdc4a155"
47,"2023-03-29T15:25:15.689Z","doctorate","female","Lecturer","6424578e2f63da2abdc4a121"
33,"2023-03-29T15:25:21.444Z","master","male","Subtitler","642458302f63da2abdc4a16c"
27,"2023-03-29T15:25:23.219Z","high school","female","Teacher","642457d5f1ea98466bcab588"
27,"2023-03-29T15:25:24.542Z","bachelor","female","Teaching assistant ","6424580b2f63da2abdc4a15f"
51,"2023-03-29T15:25:25.612Z","master","female","admin assistant","6424583f28c4d08a819e18a1"
60,"2023-03-29T15:25:26.830Z","high school","female","Teaching Professional","6424581810c199041f3e0318"
51,"2023-03-29T15:25:26.984Z","bachelor","female","Internet reseller","6424579b2f63da2abdc4a12a"
66,"2023-03-29T15:25:27.874Z","bachelor","male","Retired","642457fa20f7049a5a59a0e5"
46,"2023-03-29T15:25:30.225Z","high school","male","Library Assistant","64245794f1ea98466bcab55b"
30,"2023-03-29T15:25:48.745Z","bachelor","male","Engineer","64245857f1ea98466bcab5ba"
23,"2023-03-29T15:26:02.578Z","bachelor","female","Student","6424582b28c4d08a819e1899"
51,"2023-03-29T15:26:02.977Z","bachelor","female","homemaker","64245831f1ea98466bcab5ad"
30,"2023-03-29T15:26:05.716Z","bachelor","male","IT Manager","6424584020f7049a5a59a0f7"
44,"2023-03-29T15:26:06.210Z","bachelor","female","product designer","642457fb20f7049a5a59a0e6"
53,"2023-03-29T15:26:08.465Z","high school","male","Personal Trainer","64245837f1ea98466bcab5ae"
25,"2023-03-29T15:26:09.796Z","high school","male","Accountant","6424585128c4d08a819e18ac"
55,"2023-03-29T15:26:13.763Z","high school","female","housewife","64245803f1ea98466bcab598"
31,"2023-03-29T15:26:16.437Z","bachelor","female","Unemployed","6424582bf1ea98466bcab5a6"
59,"2023-03-29T15:26:21.511Z","high school","male","Retired","6424584ef1ea98466bcab5b3"
37,"2023-03-29T15:26:23.240Z","bachelor","female","Customer Success","6424582b2f63da2abdc4a169"
28,"2023-03-29T15:26:24.668Z","bachelor","male","unemployed","642458642f63da2abdc4a177"
42,"2023-03-29T15:26:25.676Z","bachelor","female","social worker","6424585c28c4d08a819e18b0"
73,"2023-03-29T15:26:26.627Z","less than high school","female","Retired","6424581bf1ea98466bcab59e"
42,"2023-03-29T15:26:27.558Z","bachelor","female","Artist","642457dbf1ea98466bcab58a"
56,"2023-03-29T15:26:33.068Z","high school","male","civil servant","6424585420f7049a5a59a0fd"
24,"2023-03-29T15:26:38.220Z","master","female","Data Scientist","64245873f1ea98466bcab5c2"
37,"2023-03-29T15:26:39.343Z","high school","male","Student Services Manager ","6424584920f7049a5a59a0fa"
31,"2023-03-29T15:26:40.489Z","doctorate","male","Engineer","642458722f63da2abdc4a17d"
25,"2023-03-29T15:26:41.607Z","master","female","barmaid","6424585bf1ea98466bcab5bc"
76,"2023-03-29T15:26:45.380Z","high school","male","retired","64245823f1ea98466bcab5a2"
70,"2023-03-29T15:26:50.080Z","bachelor","male","Senior Account Manager","642458632f63da2abdc4a176"
32,"2023-03-29T15:26:52.000Z","master","female","Librarian","6424575d2f63da2abdc4a105"
27,"2023-03-29T15:26:54.654Z","bachelor","female","Finance Manager","6424587ff1ea98466bcab5c6"
31,"2023-03-29T15:26:56.623Z","bachelor","female","Duty manager","6424580ff1ea98466bcab599"
37,"2023-03-29T15:26:57.846Z","high school","female","Retail Manager","6424582010c199041f3e031e"
27,"2023-03-29T15:26:57.855Z","bachelor","female","unemployed","6424585c2f63da2abdc4a170"
53,"2023-03-29T15:26:58.181Z","bachelor","female","Book proofer ","6424585228c4d08a819e18ad"
67,"2023-03-29T15:26:58.217Z","high school","female","Retired","64245818f1ea98466bcab59c"
26,"2023-03-29T15:27:08.890Z","master","female","Laboratory Technician","6424585c20f7049a5a59a102"
35,"2023-03-29T15:27:09.197Z","bachelor","male","App Developer","6424585028c4d08a819e18aa"
45,"2023-03-29T15:27:11.826Z","high school","male","Mail Sorter","642458622f63da2abdc4a174"
23,"2023-03-29T15:27:13.288Z","bachelor","female","Marketing assistant","6424584528c4d08a819e18a4"
21,"2023-03-29T15:27:16.662Z","high school","male","Student","642458602f63da2abdc4a172"
48,"2023-03-29T15:27:16.868Z","high school","female","unemployed","64245866f1ea98466bcab5c0"
31,"2023-03-29T15:27:20.750Z","high school","male","IT","6424577f2f63da2abdc4a115"
38,"2023-03-29T15:27:26.029Z","bachelor","female","nurse","642457f820f7049a5a59a0e4"
41,"2023-03-29T15:27:27.716Z","bachelor","female","Administration ","6424587c28c4d08a819e18c4"
21,"2023-03-29T15:27:28.311Z","less than high school","female","Unemployed","642458ab5d47dbfaf1a71cea"
45,"2023-03-29T15:27:31.835Z","bachelor","male","Web designer","642458892f63da2abdc4a186"
35,"2023-03-29T15:27:33.019Z","bachelor","female","software engineer","642458a35d47dbfaf1a71ce5"
23,"2023-03-29T15:27:39.010Z","bachelor","female","Student","6424586f2f63da2abdc4a17b"
62,"2023-03-29T15:27:39.516Z","high school","female","CARER","6424588c2f63da2abdc4a189"
31,"2023-03-29T15:27:40.585Z","doctorate","male","BD","6424589420f7049a5a59a10e"
26,"2023-03-29T15:27:44.674Z","master","female","phd student","6424586f28c4d08a819e18bb"
42,"2023-03-29T15:27:44.919Z","bachelor","female","medical receptionist","642458ab5d47dbfaf1a71ce9"
26,"2023-03-29T15:27:48.428Z","bachelor","male","Automation Apprentice","6424587f2f63da2abdc4a17f"
43,"2023-03-29T15:27:52.574Z","high school","female","sales assistant","642458c420f7049a5a59a120"
21,"2023-03-29T15:27:53.447Z","high school","female","Student","642458c120f7049a5a59a11d"
54,"2023-03-29T15:27:56.362Z","high school","female","self  employed","6424586f20f7049a5a59a106"
33,"2023-03-29T15:27:57.273Z","master","female","Nurse","642458bf20f7049a5a59a119"
30,"2023-03-29T15:27:59.346Z","high school","female","railway worker","642458a55d47dbfaf1a71ce6"
39,"2023-03-29T15:28:01.966Z","high school","male","Customer service advisor","6424585c20f7049a5a59a103"
52,"2023-03-29T15:28:05.772Z","high school","male","manager","642458cd28c4d08a819e18d2"
27,"2023-03-29T15:28:06.575Z","bachelor","female","bookings assistant ","642458c15d47dbfaf1a71cf4"
85,"2023-03-29T15:28:07.149Z","less than high school","male","Retired","642458312f63da2abdc4a16d"
32,"2023-03-29T15:28:08.455Z","master","female","Working full time","642458ad2f63da2abdc4a195"
68,"2023-03-29T15:28:10.191Z","high school","male","Retired","642458982f63da2abdc4a190"
58,"2023-03-29T15:28:12.873Z","bachelor","male","logistical analyst","6424588d20f7049a5a59a108"
65,"2023-03-29T15:28:14.968Z","bachelor","female","Administration","6424586720f7049a5a59a104"
61,"2023-03-29T15:28:16.535Z","bachelor","male","Unemployed at present","6424581c10c199041f3e031d"
40,"2023-03-29T15:28:19.698Z","high school","female","self employed","6424589ef1ea98466bcab5d1"
39,"2023-03-29T15:28:27.647Z","bachelor","male","Business owner","642458bc2f63da2abdc4a19f"
37,"2023-03-29T15:28:27.866Z","bachelor","female","student","6424585120f7049a5a59a0fc"
41,"2023-03-29T15:28:30.764Z","high school","male","IT Manager","642458c320f7049a5a59a11f"
20,"2023-03-29T15:28:31.891Z","high school","male","Student","642458ecf1ea98466bcab5f8"
72,"2023-03-29T15:28:31.898Z","high school","female","Retired","642458cb20f7049a5a59a124"
31,"2023-03-29T15:28:32.512Z","bachelor","female","Retail Store Manager","642458cd2f63da2abdc4a1a9"
42,"2023-03-29T15:28:33.361Z","bachelor","female","Waitress","642458742f63da2abdc4a17e"
65,"2023-03-29T15:28:35.271Z","high school","male","retired","642458cb28c4d08a819e18d0"
24,"2023-03-29T15:28:35.687Z","master","male","Software Tester","642458a85d47dbfaf1a71ce7"
61,"2023-03-29T15:28:37.838Z","other","male","Hospitality","642458c120f7049a5a59a11c"
34,"2023-03-29T15:28:38.236Z","master","male","Software developer","642458e02f63da2abdc4a1ad"
45,"2023-03-29T15:28:41.941Z","high school","male","Site Supervisor","64245802f1ea98466bcab597"
26,"2023-03-29T15:28:42.585Z","high school","male","Retail Manager","6424587f5d47dbfaf1a71cdf"
51,"2023-03-29T15:28:43.710Z","high school","female","Work part-time in IT","6424582310c199041f3e0320"
50,"2023-03-29T15:28:45.060Z","high school","female","unempolyed","642458cf28c4d08a819e18d3"
29,"2023-03-29T15:28:46.430Z","bachelor","male","Full-time professional","642458712f63da2abdc4a17c"
23,"2023-03-29T15:28:49.762Z","bachelor","male","Student","642458e628c4d08a819e18de"
35,"2023-03-29T15:28:53.470Z","bachelor","female","Payroll Supervisor","6424587b5d47dbfaf1a71cdb"
23,"2023-03-29T15:28:53.582Z","bachelor","female","Canine hydrotherapist","642458bb2f63da2abdc4a19e"
48,"2023-03-29T15:28:54.240Z","bachelor","male","Post Office Clerk","642458a020f7049a5a59a111"
44,"2023-03-29T15:28:55.695Z","high school","female","finance","642458d7f1ea98466bcab5e8"
63,"2023-03-29T15:29:04.424Z","less than high school","female","Retired","642458842f63da2abdc4a183"
50,"2023-03-29T15:29:04.578Z","high school","female","homemaker","642458745d47dbfaf1a71cd5"
58,"2023-03-29T15:29:11.987Z","doctorate","male","Software engineer","642458aaf1ea98466bcab5d3"
34,"2023-03-29T15:29:13.067Z","bachelor","female","Director","642459182f63da2abdc4a1c0"
41,"2023-03-29T15:29:15.148Z","master","male","Not working","6424590d28c4d08a819e18f3"
36,"2023-03-29T15:29:15.896Z","high school","male","Quality Inspector","6424590d5d47dbfaf1a71d1d"
42,"2023-03-29T15:29:17.537Z","master","female","Education Assessor","64245928d1669f500a2dace9"
18,"2023-03-29T15:29:18.174Z","bachelor","male","Business owner","642459015d47dbfaf1a71d11"
33,"2023-03-29T15:29:19.538Z","bachelor","male","Homemaker","642458d028c4d08a819e18d5"
57,"2023-03-29T15:29:24.047Z","high school","female","retired","642458c35d47dbfaf1a71cf6"
36,"2023-03-29T15:29:25.383Z","master","female","project manager","642458fd2f63da2abdc4a1b9"
58,"2023-03-29T15:29:25.809Z","bachelor","female","Accountant","6424588728c4d08a819e18c9"
32,"2023-03-29T15:29:29.968Z","high school","female","Family carer","642458c620f7049a5a59a121"
54,"2023-03-29T15:29:30.835Z","high school","female","Director","642458d328c4d08a819e18d6"
25,"2023-03-29T15:29:31.667Z","high school","male","Chef and student","642458b5f1ea98466bcab5dc"
39,"2023-03-29T15:29:31.674Z","master","male","Marketing Manager","642458842f63da2abdc4a184"
45,"2023-03-29T15:29:32.059Z","high school","female","Home maker","642458f328c4d08a819e18e5"
31,"2023-03-29T15:29:32.176Z","doctorate","female","psychologist","6424591e20f7049a5a59a12c"
70,"2023-03-29T15:29:32.223Z","high school","female","food writer","642458fb28c4d08a819e18ec"
64,"2023-03-29T15:29:34.959Z","high school","female","civil servant","642458d55d47dbfaf1a71cfd"
37,"2023-03-29T15:29:35.321Z","high school","male","Records officer","642459055d47dbfaf1a71d14"
36,"2023-03-29T15:29:40.469Z","high school","male","Supervisor","642458e828c4d08a819e18df"
54,"2023-03-29T15:29:40.916Z","bachelor","male","Part time employed office manager.","64245873f1ea98466bcab5c1"
32,"2023-03-29T15:29:42.198Z","doctorate","female","employeed","6424592df1ea98466bcab60b"
40,"2023-03-29T15:29:45.600Z","bachelor","female","sales assistant","6424591ef1ea98466bcab601"
34,"2023-03-29T15:29:49.815Z","bachelor","male","Managing Director","642458ea28c4d08a819e18e0"
62,"2023-03-29T15:29:52.365Z","master","male","Retired","6424583128c4d08a819e189a"
29,"2023-03-29T15:29:53.982Z","bachelor","male","IT Engineer","642458dcf1ea98466bcab5ec"
19,"2023-03-29T15:29:56.660Z","high school","male","Self employed","642459285d47dbfaf1a71d32"
29,"2023-03-29T15:29:57.717Z","bachelor","male","Manufacturing ","6424594c2f63da2abdc4a1cb"
30,"2023-03-29T15:30:01.356Z","bachelor","male","Support Engineer","642459375d47dbfaf1a71d3d"
49,"2023-03-29T15:30:02.032Z","bachelor","male","accountant","6424590a5d47dbfaf1a71d1a"
28,"2023-03-29T15:30:03.371Z","bachelor","female","Project Manager","6424591f20f7049a5a59a12d"
22,"2023-03-29T15:30:05.500Z","bachelor","male","Student","64245933f1ea98466bcab610"
27,"2023-03-29T15:30:08.348Z","master","female","Student","64245929f1ea98466bcab606"
45,"2023-03-29T15:30:09.611Z","bachelor","female","editor","6424594ff1ea98466bcab621"
69,"2023-03-29T15:30:09.899Z","high school","female","retired","64245941e39f7b05b626a36e"
23,"2023-03-29T15:30:10.191Z","high school","female","Student","642458c1f1ea98466bcab5e0"
42,"2023-03-29T15:30:11.203Z","bachelor","female","project manager","642458f92f63da2abdc4a1b6"
47,"2023-03-29T15:30:11.222Z","high school","female","n/a - recovering from heart surgery","642459005d47dbfaf1a71d0f"
38,"2023-03-29T15:30:11.481Z","high school","female","outside caterer","64245935e39f7b05b626a363"
58,"2023-03-29T15:30:12.147Z","high school","female","Office administrator","642459265d47dbfaf1a71d30"
47,"2023-03-29T15:30:13.897Z","high school","male","Retired","64245943d1669f500a2dacfd"
57,"2023-03-29T15:30:13.932Z","high school","female","Accounts admin","642458d028c4d08a819e18d4"
60,"2023-03-29T15:30:14.682Z","less than high school","male","Operations Manager","6424591320f7049a5a59a128"
38,"2023-03-29T15:30:14.914Z","high school","male","Estimating Manager","642459185d47dbfaf1a71d22"
56,"2023-03-29T15:30:17.388Z","bachelor","female","supply chain systems and processes consultant","64245943e39f7b05b626a370"
29,"2023-03-29T15:30:19.333Z","bachelor","male","IT Asset & Infrastructure Manager","6424595b5d47dbfaf1a71d49"
23,"2023-03-29T15:30:20.729Z","master","diverse","editor","642458de5d47dbfaf1a71d02"
27,"2023-03-29T15:30:24.560Z","bachelor","male","Doctor","64245953f1ea98466bcab624"
28,"2023-03-29T15:30:26.568Z","high school","diverse","unemployed","64245961e39f7b05b626a383"
43,"2023-03-29T15:30:27.825Z","bachelor","male","Office Administrator","6424591c5d47dbfaf1a71d26"
18,"2023-03-29T15:30:28.928Z","high school","male","Student","64245961f1ea98466bcab62e"
31,"2023-03-29T15:30:30.295Z","high school","male","Software Engineer","64245947e39f7b05b626a371"
55,"2023-03-29T15:30:32.094Z","doctorate","male","Lecturer","64245962e39f7b05b626a384"
21,"2023-03-29T15:30:33.099Z","high school","male","Student","64245954e39f7b05b626a375"
26,"2023-03-29T15:30:33.285Z","master","female","R&D Lead","6424592c5d47dbfaf1a71d36"
62,"2023-03-29T15:30:34.018Z","master","female","retired","6424590c28c4d08a819e18f1"
25,"2023-03-29T15:30:34.083Z","bachelor","male","warehouse worker","642459335d47dbfaf1a71d3b"
21,"2023-03-29T15:30:34.477Z","high school","male","Student","64245952f1ea98466bcab622"
33,"2023-03-29T15:30:34.581Z","bachelor","male","Marketing executive","6424596e5d47dbfaf1a71d4a"
44,"2023-03-29T15:30:34.989Z","high school","male","Electrical contractor ","6424580d20f7049a5a59a0e9"
42,"2023-03-29T15:30:36.211Z","bachelor","male","tranport logistics","642458de28c4d08a819e18d8"
48,"2023-03-29T15:30:37.438Z","bachelor","female","Homemaker","6424596e20f7049a5a59a12e"
71,"2023-03-29T15:30:42.452Z","bachelor","female","RETIRED","642458e228c4d08a819e18db"
31,"2023-03-29T15:30:42.857Z","bachelor","female","Administrator","6424592bd1669f500a2dacea"
41,"2023-03-29T15:30:43.663Z","master","female","housewife/ jobseeker","642458b12f63da2abdc4a199"
22,"2023-03-29T15:30:44.378Z","bachelor","diverse","Student","642459215d47dbfaf1a71d2a"
28,"2023-03-29T15:30:44.949Z","bachelor","female","Operations Manager","642458fb2f63da2abdc4a1b8"
60,"2023-03-29T15:30:46.651Z","high school","male","Business Owner","64245929e39f7b05b626a360"
34,"2023-03-29T15:30:49.142Z","high school","female","Bookings Agent ","64245947e39f7b05b626a372"
43,"2023-03-29T15:30:50.488Z","bachelor","male","Accountant","642459182f63da2abdc4a1c1"
49,"2023-03-29T15:30:53.833Z","bachelor","female","Medically retired ","642459255d47dbfaf1a71d2e"
69,"2023-03-29T15:30:55.607Z","bachelor","female","Retired ","642457bdf1ea98466bcab575"
62,"2023-03-29T15:30:59.961Z","high school","female","mental","642458ae2f63da2abdc4a196"
22,"2023-03-29T15:31:01.930Z","high school","male","Sales Administrator","64245966e39f7b05b626a388"
58,"2023-03-29T15:31:01.968Z","high school","male","Business Analyst","6424593ce39f7b05b626a369"
50,"2023-03-29T15:31:02.678Z","bachelor","male","Manager","6424597d2f63da2abdc4a1e4"
26,"2023-03-29T15:31:03.612Z","bachelor","male","Analyst","6424592c5d47dbfaf1a71d35"
58,"2023-03-29T15:31:08.350Z","bachelor","female","Writer","642458b52f63da2abdc4a19b"
61,"2023-03-29T15:31:10.599Z","high school","female","registered nurse","64245934e39f7b05b626a362"
52,"2023-03-29T15:31:12.882Z","bachelor","male","Director","64245972f1ea98466bcab637"
44,"2023-03-29T15:31:14.552Z","high school","female","homemaker","64245946f1ea98466bcab61c"
55,"2023-03-29T15:31:17.509Z","bachelor","female","teacher","64245954f1ea98466bcab625"
44,"2023-03-29T15:31:20.724Z","bachelor","female","Certification Manager","6424591520f7049a5a59a129"
47,"2023-03-29T15:31:22.433Z","high school","female","HR Operations Support","6424598620f7049a5a59a130"
25,"2023-03-29T15:31:23.340Z","bachelor","male","Unemployed","642459772f63da2abdc4a1dd"
33,"2023-03-29T15:31:25.737Z","bachelor","male","none","642459aa2f63da2abdc4a20a"
28,"2023-03-29T15:31:29.910Z","master","male","Engineer","6424597cf1ea98466bcab640"
41,"2023-03-29T15:31:30.563Z","high school","female","duty manager","642459882f63da2abdc4a1ec"
57,"2023-03-29T15:31:34.575Z","high school","male","Vehicle Technician","64245931f1ea98466bcab60e"
42,"2023-03-29T15:31:34.776Z","high school","female","Systems Engineer","642458b12f63da2abdc4a19a"
29,"2023-03-29T15:31:35.233Z","bachelor","female","Junior Production Manager","6424589a2f63da2abdc4a191"
61,"2023-03-29T15:31:37.163Z","high school","female","retired","642459a75d47dbfaf1a71d74"
67,"2023-03-29T15:31:39.074Z","high school","female","retired","642459495d47dbfaf1a71d3f"
46,"2023-03-29T15:31:46.888Z","high school","female","Catering assistant/cook","6424597b2f63da2abdc4a1e1"
23,"2023-03-29T15:31:47.075Z","master","female","Trainee Patent attorney","642459b85d47dbfaf1a71d7d"
25,"2023-03-29T15:31:54.125Z","bachelor","female","Student","6424599ad1669f500a2dad11"
46,"2023-03-29T15:31:54.179Z","high school","male","Postman","64245949d1669f500a2dacfe"
50,"2023-03-29T15:31:58.470Z","bachelor","male","IT Consultant","6424592af1ea98466bcab609"
32,"2023-03-29T15:32:02.070Z","bachelor","male","joinere","642459c75d47dbfaf1a71d89"
41,"2023-03-29T15:32:02.579Z","doctorate","female","Self-employed","642459aa5d47dbfaf1a71d76"
39,"2023-03-29T15:32:03.093Z","master","female","social worker","642459b65d47dbfaf1a71d7b"
53,"2023-03-29T15:32:05.670Z","high school","female","Customer Service & Special Projects Coordinator","6424598fe39f7b05b626a395"
35,"2023-03-29T15:32:07.378Z","high school","male","Removalist","642459b2f1ea98466bcab657"
38,"2023-03-29T15:32:08.165Z","bachelor","female","Communications manager","64245966d1669f500a2dad0a"
27,"2023-03-29T15:32:08.965Z","bachelor","female","Support Officer","64245991e39f7b05b626a398"
29,"2023-03-29T15:32:09.462Z","master","male","Student","6424592af1ea98466bcab608"
23,"2023-03-29T15:32:16.692Z","bachelor","female","employed","6424577020f7049a5a59a0d3"
30,"2023-03-29T15:32:18.671Z","bachelor","female","Legacy Officer","6424594f5d47dbfaf1a71d43"
53,"2023-03-29T15:32:20.012Z","high school","female","Financial care assistant","642459705d47dbfaf1a71d4e"
23,"2023-03-29T15:32:20.747Z","bachelor","female","consultant","642459aaf1ea98466bcab656"
48,"2023-03-29T15:32:21.570Z","high school","female","Homemaker ","6424596df1ea98466bcab634"
26,"2023-03-29T15:32:22.151Z","high school","male","Administrator","642459e2f1ea98466bcab673"
58,"2023-03-29T15:32:24.527Z","high school","male","Retired","64245967d1669f500a2dad0b"
23,"2023-03-29T15:32:24.949Z","master","female","student","642459be5d47dbfaf1a71d82"
26,"2023-03-29T15:32:25.038Z","master","female","IT advisor","642459b1d1669f500a2dad15"
29,"2023-03-29T15:32:26.315Z","bachelor","female","Midwife ","6424598ff1ea98466bcab64f"
52,"2023-03-29T15:32:26.815Z","bachelor","male","Musician","642459732f63da2abdc4a1da"
62,"2023-03-29T15:32:30.447Z","high school","male","Retired","642459775d47dbfaf1a71d53"
37,"2023-03-29T15:32:31.351Z","master","male","Analyst ","642459902f63da2abdc4a1ef"
36,"2023-03-29T15:32:33.632Z","bachelor","female","Assessment team support","642459b6e39f7b05b626a3a1"
21,"2023-03-29T15:32:34.634Z","high school","female","student","64245963d1669f500a2dad05"
31,"2023-03-29T15:32:37.051Z","high school","male","Sales Manager","642459d2d1669f500a2dad2a"
45,"2023-03-29T15:32:37.232Z","bachelor","male","Finance Manager","642459b5d1669f500a2dad18"
32,"2023-03-29T15:32:37.287Z","bachelor","male","Actor","642459bce39f7b05b626a3a3"
29,"2023-03-29T15:32:38.491Z","doctorate","female","Scientist","642459d0f1ea98466bcab668"
35,"2023-03-29T15:32:38.495Z","bachelor","female","Pharmacy technician","642459d6f1ea98466bcab66b"
31,"2023-03-29T15:32:39.538Z","master","female","Student working part-time as teaching assistant and communications assistant","642459bdd1669f500a2dad1e"
27,"2023-03-29T15:32:40.069Z","master","male","student","642459b4f1ea98466bcab65a"
58,"2023-03-29T15:32:41.058Z","high school","female","I am currently not working","642459bed1669f500a2dad20"
35,"2023-03-29T15:32:42.843Z","high school","male","IT Officer","642459bd5d47dbfaf1a71d81"
24,"2023-03-29T15:32:44.728Z","bachelor","male","consultant","642459e9e39f7b05b626a3bf"
53,"2023-03-29T15:32:47.618Z","bachelor","male","teacher","642459c45d47dbfaf1a71d88"
28,"2023-03-29T15:32:47.925Z","bachelor","male","Student ","6424598820f7049a5a59a132"
25,"2023-03-29T15:32:48.790Z","high school","female","Accounts Assistant","64245991e39f7b05b626a399"
18,"2023-03-29T15:32:49.034Z","high school","male","Student","642459e0f1ea98466bcab672"
26,"2023-03-29T15:32:49.662Z","master","female","Lawyer","642459b42f63da2abdc4a213"
28,"2023-03-29T15:32:49.696Z","less than high school","male","Unemployed","642459a12f63da2abdc4a200"
40,"2023-03-29T15:32:52.147Z","bachelor","male","manager","642459ee28c4d08a819e18fc"
63,"2023-03-29T15:32:55.699Z","doctorate","male","Academic","642459f55d47dbfaf1a71da1"
35,"2023-03-29T15:32:58.211Z","bachelor","male","events manager","642459c920f7049a5a59a13c"
29,"2023-03-29T15:33:01.843Z","bachelor","male","Software Developer","642459e2e39f7b05b626a3b7"
39,"2023-03-29T15:33:03.886Z","master","female","Education officer","642459d420f7049a5a59a13f"
34,"2023-03-29T15:33:05.046Z","doctorate","male","Academic","642459a05d47dbfaf1a71d6c"
23,"2023-03-29T15:33:06.973Z","bachelor","female","Student","642459e6e39f7b05b626a3bc"
68,"2023-03-29T15:33:10.304Z","master","male","Retired","6424587b28c4d08a819e18c3"
33,"2023-03-29T15:33:10.691Z","bachelor","female","Part time work","642459ead1669f500a2dad2c"
43,"2023-03-29T15:33:11.021Z","doctorate","female","Hydrologist","642459c0e39f7b05b626a3a6"
23,"2023-03-29T15:33:12.085Z","high school","female","Shop worker","642459f428c4d08a819e1901"
71,"2023-03-29T15:33:12.133Z","bachelor","male","retired","6424594df1ea98466bcab620"
42,"2023-03-29T15:33:12.366Z","high school","female","admin ","64245a13d1669f500a2dad3d"
23,"2023-03-29T15:33:12.618Z","master","male","Administrator","642459f228c4d08a819e18fe"
60,"2023-03-29T15:33:13.742Z","high school","female","Catering assistant","642459caf1ea98466bcab665"
36,"2023-03-29T15:33:15.403Z","high school","male","UNEMPLOYED ","642459fdd1669f500a2dad2f"
35,"2023-03-29T15:33:15.388Z","master","male","Clinical scientist (biochemistry)","642459aed1669f500a2dad13"
56,"2023-03-29T15:33:16.612Z","bachelor","female","teacher","642459def1ea98466bcab670"
33,"2023-03-29T15:33:19.459Z","bachelor","female","registered nurse","642459c15d47dbfaf1a71d85"
40,"2023-03-29T15:33:24.526Z","high school","female","foster carer","6424599b5d47dbfaf1a71d69"
52,"2023-03-29T15:33:24.929Z","bachelor","female","Area Director","642459d62f63da2abdc4a216"
56,"2023-03-29T15:33:25.974Z","high school","female","administrator","642459a72f63da2abdc4a207"
20,"2023-03-29T15:33:30.727Z","high school","male","Unemployed","64245a0ad1669f500a2dad37"
54,"2023-03-29T15:33:31.212Z","bachelor","male","Database Administrator","642459d2d1669f500a2dad29"
45,"2023-03-29T15:33:34.857Z","bachelor","female","Library Assistant","642459cbe39f7b05b626a3a8"
24,"2023-03-29T15:33:36.708Z","bachelor","male","Data Analyst","642459daf1ea98466bcab66e"
22,"2023-03-29T15:33:36.897Z","bachelor","female","Unemployed ","64245a005d47dbfaf1a71da6"
21,"2023-03-29T15:33:37.328Z","high school","female","student","64245a00e39f7b05b626a3cb"
19,"2023-03-29T15:33:37.526Z","high school","female","student","64245a17d1669f500a2dad40"
45,"2023-03-29T15:33:38.694Z","bachelor","female","Exam Invigilator","6424596ed1669f500a2dad10"
35,"2023-03-29T15:33:40.172Z","bachelor","male","Digital Officer (Museum)","64245a1b28c4d08a819e1919"
44,"2023-03-29T15:33:40.349Z","master","female","manager","64245a1b20f7049a5a59a15a"
31,"2023-03-29T15:33:42.855Z","bachelor","female","HR Professional ","64245a22e39f7b05b626a3dc"
39,"2023-03-29T15:33:46.982Z","high school","female","care assistant","642459bf2f63da2abdc4a215"
63,"2023-03-29T15:33:47.942Z","bachelor","male","Bank Manager ","642459c8f1ea98466bcab663"
31,"2023-03-29T15:33:51.104Z","master","female","Marketing Assistant","64245a135d47dbfaf1a71db4"
46,"2023-03-29T15:33:55.375Z","bachelor","female","Civil service","6424598fe39f7b05b626a396"
66,"2023-03-29T15:33:55.760Z","master","female","Retired","642459d8e39f7b05b626a3b1"
63,"2023-03-29T15:33:58.228Z","high school","female","Retired","642459e92f63da2abdc4a21e"
66,"2023-03-29T15:33:59.968Z","less than high school","female","charity worker","642459ea28c4d08a819e18f9"
67,"2023-03-29T15:34:00.573Z","high school","male","Retired","642459b95d47dbfaf1a71d7e"
41,"2023-03-29T15:34:01.460Z","bachelor","male","manager","6424593cf1ea98466bcab615"
34,"2023-03-29T15:34:01.759Z","high school","female","manufacture worker","642459bc5d47dbfaf1a71d80"
29,"2023-03-29T15:34:02.083Z","master","diverse","Youth Worker","642459fd5d47dbfaf1a71da5"
64,"2023-03-29T15:34:04.787Z","bachelor","male","retired","6424596e2f63da2abdc4a1d8"
22,"2023-03-29T15:34:08.522Z","bachelor","male","Operations Controller","64245a2ed1669f500a2dad56"
21,"2023-03-29T15:34:10.502Z","bachelor","female","Administrator","64245a0a5d47dbfaf1a71dab"
42,"2023-03-29T15:34:11.074Z","high school","female","full time carer of family member","64245a2ad1669f500a2dad51"
31,"2023-03-29T15:34:11.346Z","master","male","Change Consultant","6424599cf1ea98466bcab652"
56,"2023-03-29T15:34:11.435Z","bachelor","female","Business Consultant","642459ddf1ea98466bcab66f"
50,"2023-03-29T15:34:12.047Z","bachelor","male","IT Engineer","6424598ee39f7b05b626a394"
43,"2023-03-29T15:34:12.197Z","bachelor","female","Student ","64245a2fe39f7b05b626a3e0"
42,"2023-03-29T15:34:21.255Z","master","female","Pathology Manager ","64245a1a28c4d08a819e1917"
42,"2023-03-29T15:34:23.288Z","master","female","Project Manager","64245a34e39f7b05b626a3e5"
57,"2023-03-29T15:34:24.967Z","high school","female","Project Manager","64245a035d47dbfaf1a71da9"
56,"2023-03-29T15:34:26.150Z","master","female","lawyer","64245a0b5d47dbfaf1a71dad"
30,"2023-03-29T15:34:26.406Z","less than high school","female","Unemployed","64245a2dd1669f500a2dad54"
31,"2023-03-29T15:34:26.433Z","bachelor","male","Digital Information Officer","64245a0fd1669f500a2dad38"
39,"2023-03-29T15:34:27.553Z","bachelor","female","full time mother","64245a45d1669f500a2dad6b"
41,"2023-03-29T15:34:27.971Z","bachelor","male","post production editor","642459f05d47dbfaf1a71d9b"
34,"2023-03-29T15:34:29.245Z","doctorate","female","civil servant","64245a0828c4d08a819e190a"
40,"2023-03-29T15:34:31.324Z","bachelor","male","IT Technician","64245a1e28c4d08a819e191b"
22,"2023-03-29T15:34:31.484Z","high school","male","Student","64245a2f28c4d08a819e191c"
21,"2023-03-29T15:34:33.090Z","bachelor","female","Student ","64245a5820f7049a5a59a170"
30,"2023-03-29T15:34:42.227Z","bachelor","female","designer","64245a3fd1669f500a2dad67"
46,"2023-03-29T15:34:42.557Z","high school","female","CLERK","642459f9e39f7b05b626a3c7"
26,"2023-03-29T15:34:45.890Z","high school","male","Technical Support","64245a495d47dbfaf1a71dcd"
25,"2023-03-29T15:34:47.412Z","high school","male","Student","64245971e39f7b05b626a38b"
22,"2023-03-29T15:34:50.868Z","less than high school","male","unemployed","64245a4c5d47dbfaf1a71dcf"
44,"2023-03-29T15:34:53.600Z","bachelor","female","SAHM","64245a6b20f7049a5a59a17e"
31,"2023-03-29T15:34:54.052Z","master","female","unemployed","64245a75e39f7b05b626a408"
38,"2023-03-29T15:34:55.413Z","doctorate","male","Scientist","6424599cf1ea98466bcab653"
29,"2023-03-29T15:34:57.279Z","bachelor","male","Software Engineer","64245a26d1669f500a2dad4d"
35,"2023-03-29T15:35:00.336Z","high school","male","self employed","64245a64d1669f500a2dad7e"
31,"2023-03-29T15:35:00.498Z","high school","female","Legal executive ","64245a5ad1669f500a2dad76"
32,"2023-03-29T15:35:01.369Z","high school","male","front of house manager and merchandising manager","64245a3d5d47dbfaf1a71dc5"
69,"2023-03-29T15:35:01.403Z","other","female","retired","6424596bd1669f500a2dad0e"
50,"2023-03-29T15:35:04.349Z","high school","female","self employed","64245a39d1669f500a2dad60"
71,"2023-03-29T15:35:04.539Z","high school","female","Beauty Consultant","64245a3b20f7049a5a59a162"
56,"2023-03-29T15:35:10.889Z","bachelor","male","Social Worker","64245a5428c4d08a819e1925"
67,"2023-03-29T15:35:12.503Z","bachelor","female","Retired travel consultant","6424592ae39f7b05b626a361"
32,"2023-03-29T15:35:15.675Z","bachelor","male","Videographer","64245a922f63da2abdc4a22c"
18,"2023-03-29T15:35:18.219Z","high school","male","Student","64245a6b20f7049a5a59a17d"
30,"2023-03-29T15:35:20.786Z","bachelor","female","Wellbeing Advisor ","64245a4f28c4d08a819e1924"
34,"2023-03-29T15:35:20.793Z","high school","male","Architect","64245a5c28c4d08a819e192e"
27,"2023-03-29T15:35:26.207Z","master","male","Research Assistant ","642459c720f7049a5a59a13a"
45,"2023-03-29T15:35:26.364Z","master","male","Financial Controller","64245a62e39f7b05b626a3fb"
34,"2023-03-29T15:35:28.893Z","bachelor","female","project manager","64245a30e39f7b05b626a3e2"
40,"2023-03-29T15:35:30.046Z","high school","male","senior support engineer","642459e5e39f7b05b626a3ba"
31,"2023-03-29T15:35:30.503Z","high school","male","warehouse operative","64245a695d47dbfaf1a71dda"
66,"2023-03-29T15:35:34.534Z","master","female","retired","64245a6a28c4d08a819e1934"
60,"2023-03-29T15:35:34.901Z","high school","male","Trader","64245a75e39f7b05b626a407"
79,"2023-03-29T15:35:36.334Z","high school","female","Retired","64245a245d47dbfaf1a71dba"
23,"2023-03-29T15:35:36.693Z","bachelor","female","Student","64245a5320f7049a5a59a16d"
37,"2023-03-29T15:35:37.068Z","high school","female","Customer Support","642459cee39f7b05b626a3ab"
23,"2023-03-29T15:35:40.265Z","high school","male","Waiter","64245a78f1ea98466bcab67b"
30,"2023-03-29T15:35:40.368Z","bachelor","female","Freelancer Marketer","642459f828c4d08a819e1903"
56,"2023-03-29T15:35:45.356Z","high school","female","Retired","64245a67e39f7b05b626a402"
51,"2023-03-29T15:35:45.563Z","high school","female","n/a","64245a74f1ea98466bcab677"
60,"2023-03-29T15:35:45.911Z","bachelor","female","teacher","64245994e39f7b05b626a39c"
30,"2023-03-29T15:35:47.385Z","bachelor","other","Unemployed","64245a6d5d47dbfaf1a71ddd"
36,"2023-03-29T15:35:47.517Z","bachelor","female"," Graphic Designer","64245a91e39f7b05b626a416"
72,"2023-03-29T15:35:49.205Z","high school","male","Retired","64245a33d1669f500a2dad5c"
29,"2023-03-29T15:35:50.938Z","high school","female","Office worker","64245a98f1ea98466bcab684"
53,"2023-03-29T15:35:51.736Z","bachelor","male","technician","64245a9fe39f7b05b626a418"
57,"2023-03-29T15:35:55.890Z","high school","female","SALES ASSISTANT","64245a485d47dbfaf1a71dcc"
58,"2023-03-29T15:35:56.671Z","bachelor","male","IT tester","64245a4ad1669f500a2dad70"
45,"2023-03-29T15:35:57.364Z","bachelor","female","Teacher ","642459fc20f7049a5a59a14a"
40,"2023-03-29T15:35:59.029Z","high school","male","Unemployed","64245a4020f7049a5a59a168"
40,"2023-03-29T15:36:00.313Z","bachelor","male","Healthcare professional","64245a9bf1ea98466bcab686"
59,"2023-03-29T15:36:00.541Z","other","female","Temporary casual worker","642459ee5d47dbfaf1a71d98"
51,"2023-03-29T15:36:02.959Z","bachelor","male","Financial Controller","64245a79f1ea98466bcab67c"
63,"2023-03-29T15:36:03.576Z","bachelor","female","Retired","6424591e5d47dbfaf1a71d28"
30,"2023-03-29T15:36:06.983Z","bachelor","female","Physical Therapist Assistant","64245aabe39f7b05b626a41f"
36,"2023-03-29T15:36:08.752Z","doctorate","female","Administrator","64245a8ee39f7b05b626a415"
25,"2023-03-29T15:36:11.335Z","high school","female","Project Coordinator","64245a58d1669f500a2dad73"
51,"2023-03-29T15:36:12.238Z","high school","female","Personal Assistant","64245a93f1ea98466bcab681"
25,"2023-03-29T15:36:12.443Z","master","female","Engineer","64245a832f63da2abdc4a222"
55,"2023-03-29T15:36:12.853Z","bachelor","male","Project Manager","64245a23e39f7b05b626a3dd"
41,"2023-03-29T15:36:13.577Z","bachelor","female","Operations Manager","64245ab728c4d08a819e1944"
45,"2023-03-29T15:36:16.552Z","bachelor","male","Workflow Engineer","64245a6ed1669f500a2dad81"
44,"2023-03-29T15:36:17.894Z","high school","female","Retail","64245a82e39f7b05b626a410"
35,"2023-03-29T15:36:19.357Z","bachelor","male","Admin Officer","64245a842f63da2abdc4a223"
21,"2023-03-29T15:36:20.013Z","bachelor","female","Student","64245a872f63da2abdc4a225"
82,"2023-03-29T15:36:21.406Z","bachelor","female","retired","64245a5f20f7049a5a59a172"
32,"2023-03-29T15:36:23.438Z","high school","male","Company owner ","64245a9020f7049a5a59a192"
43,"2023-03-29T15:36:24.551Z","bachelor","female","ESL teacher","64245a03d1669f500a2dad34"
23,"2023-03-29T15:36:25.322Z","high school","male","Student","64245a6fd1669f500a2dad82"
53,"2023-03-29T15:36:27.592Z","high school","male","EUC Engineer","64245a9e5d47dbfaf1a71dfb"
42,"2023-03-29T15:36:29.470Z","bachelor","female","Teacher","64245aabf1ea98466bcab68e"
44,"2023-03-29T15:36:29.846Z","master","male","Software Consultant","64245ab52f63da2abdc4a23f"
32,"2023-03-29T15:36:31.529Z","bachelor","female","Pharmaceuticals","64245a66e39f7b05b626a3ff"
22,"2023-03-29T15:36:31.720Z","bachelor","male","Student","64245ab528c4d08a819e1941"
57,"2023-03-29T15:36:33.638Z","bachelor","female","Self-employed","64245a9c5d47dbfaf1a71df9"
23,"2023-03-29T15:36:35.267Z","bachelor","male","Live Sound Engineer","64245abae39f7b05b626a42d"
60,"2023-03-29T15:36:36.683Z","bachelor","female","housewife","64245ab320f7049a5a59a1a1"
68,"2023-03-29T15:36:38.595Z","high school","male","Rail Replacement Coordinator","64245a7e2f63da2abdc4a221"
52,"2023-03-29T15:36:41.265Z","master","female","Teacher","64245a3fd1669f500a2dad66"
38,"2023-03-29T15:36:41.740Z","high school","male","Disabled","64245a285d47dbfaf1a71dbc"
42,"2023-03-29T15:36:41.748Z","master","female","Employed","64245a6820f7049a5a59a17b"
43,"2023-03-29T15:36:43.483Z","bachelor","male","labourer","64245a70e39f7b05b626a404"
39,"2023-03-29T15:36:44.634Z","doctorate","male","Surveyor ","64245a96f1ea98466bcab682"
33,"2023-03-29T15:36:45.408Z","bachelor","male","Freight Forwarder","64245ad5f1ea98466bcab69d"
49,"2023-03-29T15:36:45.721Z","bachelor","female","Magazine editor","64245a9a2f63da2abdc4a231"
35,"2023-03-29T15:36:46.935Z","doctorate","female","Researcher","64245aa6f1ea98466bcab689"
41,"2023-03-29T15:36:54.563Z","doctorate","male","Software engineer","64245aae20f7049a5a59a19e"
40,"2023-03-29T15:36:58.059Z","high school","male","Accounts Assistant","64245a6f28c4d08a819e1937"
64,"2023-03-29T15:36:58.674Z","bachelor","female","customer service representative","642459d9f1ea98466bcab66d"
49,"2023-03-29T15:36:59.169Z","high school","female","Training Administrator","64245abd5d47dbfaf1a71e09"
19,"2023-03-29T15:36:59.452Z","high school","male","Student","64245ad420f7049a5a59a1ad"
37,"2023-03-29T15:37:03.943Z","high school","male","unemployed","64245a1e20f7049a5a59a15c"
38,"2023-03-29T15:37:04.227Z","high school","male","Contractor","642459b12f63da2abdc4a211"
46,"2023-03-29T15:37:04.838Z","bachelor","male","Software Developer","64245a03e39f7b05b626a3ce"
22,"2023-03-29T15:37:05.317Z","bachelor","female","Student","64245aa5e39f7b05b626a41a"
48,"2023-03-29T15:37:05.560Z","master","male","Student Adviser","64245ac6e39f7b05b626a435"
41,"2023-03-29T15:37:06.099Z","high school","female","admin assistant","64245abc28c4d08a819e1947"
53,"2023-03-29T15:37:07.105Z","bachelor","male","Data Analyst","64245ab82f63da2abdc4a242"
65,"2023-03-29T15:37:08.269Z","bachelor","female","Housewife","64245a8720f7049a5a59a18c"
32,"2023-03-29T15:37:09.152Z","high school","female","Homemaker","64245ae428c4d08a819e195c"
70,"2023-03-29T15:37:09.260Z","master","male","Retired","64245ad628c4d08a819e1955"
36,"2023-03-29T15:37:10.360Z","high school","female","Prison officer ","64245ae0e39f7b05b626a44b"
25,"2023-03-29T15:37:13.027Z","high school","female","Warehouse Operative","64245ad42f63da2abdc4a258"
64,"2023-03-29T15:37:13.750Z","master","female","Semi retired","64245a7220f7049a5a59a184"
33,"2023-03-29T15:37:14.236Z","bachelor","female","Student","64245a3ad1669f500a2dad62"
43,"2023-03-29T15:37:14.313Z","bachelor","female","Web search analyst","64245a6228c4d08a819e1931"
38,"2023-03-29T15:37:14.920Z","bachelor","female","Artist","64245abd20f7049a5a59a1a3"
67,"2023-03-29T15:37:18.313Z","bachelor","male","retired","642459f6d1669f500a2dad2d"
39,"2023-03-29T15:37:19.135Z","master","male","Business Owner","64245aebf1ea98466bcab6a7"
30,"2023-03-29T15:37:19.912Z","high school","male","IT Support","64245af5e39f7b05b626a45c"
68,"2023-03-29T15:37:20.435Z","master","male","Full time employment","64245a9120f7049a5a59a193"
42,"2023-03-29T15:37:21.800Z","bachelor","male","Head of Department","64245ae2f1ea98466bcab6a2"
36,"2023-03-29T15:37:22.663Z","high school","female","Student","64245b032f63da2abdc4a277"
41,"2023-03-29T15:37:22.990Z","high school","female","Teacher","64245b0a20f7049a5a59a1b1"
55,"2023-03-29T15:37:24.607Z","high school","female","Housewife","64245a8120f7049a5a59a189"
39,"2023-03-29T15:37:28.151Z","master","female","teacher","64245b0dd1669f500a2dad9d"
36,"2023-03-29T15:37:29.435Z","high school","male","sales","64245abb2f63da2abdc4a246"
43,"2023-03-29T15:37:29.922Z","high school","male","Civil Engineer","64245aaef1ea98466bcab691"
66,"2023-03-29T15:37:30.469Z","bachelor","male","actor","64245a9d2f63da2abdc4a233"
58,"2023-03-29T15:37:30.963Z","master","female","Assistant Headteacher","64245a5528c4d08a819e1926"
49,"2023-03-29T15:37:31.687Z","master","female","student","64245ae92f63da2abdc4a267"
35,"2023-03-29T15:37:31.687Z","high school","male","Disabled","64245aa7f1ea98466bcab68a"
24,"2023-03-29T15:37:33.006Z","master","female","student","64245afad1669f500a2dad97"
55,"2023-03-29T15:37:34.384Z","bachelor","male","Business Analyst","64245aeff1ea98466bcab6ac"
51,"2023-03-29T15:37:34.791Z","bachelor","male","Accountant","64245aed2f63da2abdc4a26b"
41,"2023-03-29T15:37:34.994Z","less than high school","male","FBP","64245ad1f1ea98466bcab69a"
48,"2023-03-29T15:37:36.757Z","high school","female","Clinical Coder ","64245abce39f7b05b626a42e"
68,"2023-03-29T15:37:36.932Z","bachelor","male","Retired","64245a942f63da2abdc4a22e"
39,"2023-03-29T15:37:37.615Z","bachelor","female","Sales Supervisor","64245adae39f7b05b626a445"
46,"2023-03-29T15:37:38.261Z","doctorate","female","Support Worker","64245a7c20f7049a5a59a185"
43,"2023-03-29T15:37:38.703Z","bachelor","female","Unemployed","64245aeb2f63da2abdc4a269"
27,"2023-03-29T15:37:39.311Z","bachelor","female","Teacher","64245a835d47dbfaf1a71de6"
55,"2023-03-29T15:37:42.384Z","master","female","Chartered Accountant","64245ae5e39f7b05b626a44f"
33,"2023-03-29T15:37:42.483Z","high school","male","Full time designer","64245a9d20f7049a5a59a197"
63,"2023-03-29T15:37:43.467Z","high school","male","Une,ployed construction worker","64245aced1669f500a2dad8d"
40,"2023-03-29T15:37:43.518Z","high school","male","builder","64245b08e39f7b05b626a46f"
34,"2023-03-29T15:37:45.384Z","master","male","Quality Assurance","64245b17d1669f500a2dada9"
35,"2023-03-29T15:37:45.721Z","high school","male","trainer. ","64245a7ce39f7b05b626a40d"
43,"2023-03-29T15:37:46.418Z","bachelor","male","Tax adviser","64245aa32f63da2abdc4a23b"
41,"2023-03-29T15:37:47.631Z","bachelor","male","General Manager- food service","64245ac32f63da2abdc4a24d"
46,"2023-03-29T15:37:48.306Z","master","female","Data analyst","64245b09d1669f500a2dad99"
36,"2023-03-29T15:37:49.923Z","bachelor","female","HR Manager","64245aa65d47dbfaf1a71e01"
24,"2023-03-29T15:37:50.622Z","bachelor","male","auditor","64245ae9e39f7b05b626a452"
25,"2023-03-29T15:37:52.153Z","bachelor","female","Intern","64245a6328c4d08a819e1932"
37,"2023-03-29T15:37:52.288Z","master","female","Unemployed","64245b0a2f63da2abdc4a279"
37,"2023-03-29T15:37:53.414Z","high school","female","full time mom","64245acf2f63da2abdc4a254"
58,"2023-03-29T15:37:53.977Z","bachelor","female","Homemaker","64245a43e39f7b05b626a3ee"
41,"2023-03-29T15:37:54.641Z","bachelor","female","Freelance content writer","64245b0ad1669f500a2dad9a"
61,"2023-03-29T15:37:56.172Z","high school","female","Staff Nurse","64245aac5d47dbfaf1a71e05"
37,"2023-03-29T15:37:56.888Z","bachelor","female","Currently stay at home mum but was previously Exec Assistant and will likely return to this within the next year ","642459c0e39f7b05b626a3a7"
50,"2023-03-29T15:37:59.286Z","bachelor","female","Assistant Head of School","64245ac62f63da2abdc4a24f"
33,"2023-03-29T15:38:00.397Z","high school","female","grocery store employee","64245ae5f1ea98466bcab6a3"
38,"2023-03-29T15:38:03.131Z","high school","male","Local Government Officer","64245b05e39f7b05b626a46d"
38,"2023-03-29T15:38:04.583Z","doctorate","male","Teacher","64245af7d1669f500a2dad95"
49,"2023-03-29T15:38:06.019Z","doctorate","female","Chemistry Technician","64245ace2f63da2abdc4a253"
33,"2023-03-29T15:38:06.655Z","bachelor","female","Education","64245b31e39f7b05b626a48f"
28,"2023-03-29T15:38:06.993Z","bachelor","male","Marine Geotechnical Lab Tech","64245acee39f7b05b626a43a"
29,"2023-03-29T15:38:12.114Z","high school","female","Project Manager","64245afb28c4d08a819e1970"
64,"2023-03-29T15:38:13.422Z","less than high school","male","Retired.","64245a0e5d47dbfaf1a71db1"
48,"2023-03-29T15:38:16.302Z","master","female","Freelance Writer & Editor","64245ad3e39f7b05b626a43e"
52,"2023-03-29T15:38:16.963Z","high school","male","Director","64245adfe39f7b05b626a44a"
42,"2023-03-29T15:38:19.675Z","master","male","EAP Lecturer","64245b0fe39f7b05b626a473"
55,"2023-03-29T15:38:23.763Z","high school","female","homemaker","64245b3e20f7049a5a59a1ca"
65,"2023-03-29T15:38:24.693Z","high school","female","UNE,PLOYED","64245a6720f7049a5a59a178"
25,"2023-03-29T15:38:25.137Z","bachelor","male","Student","64245aa820f7049a5a59a19a"
45,"2023-03-29T15:38:25.285Z","other","female","part time working admin assistant","64245b26f1ea98466bcab6ca"
27,"2023-03-29T15:38:25.948Z","high school","female","Employee Relations Advisor","64245b29d1669f500a2dadb1"
46,"2023-03-29T15:38:27.150Z","high school","male","unemployed","64245b1828c4d08a819e1981"
31,"2023-03-29T15:38:29.106Z","high school","male","student","64245adce39f7b05b626a449"
58,"2023-03-29T15:38:33.759Z","bachelor","female","manager","64245b0fd1669f500a2dada1"
31,"2023-03-29T15:38:34.893Z","bachelor","female","HR adminsitrator","64245b4d28c4d08a819e19aa"
41,"2023-03-29T15:38:38.042Z","bachelor","male","Teacher","64245b02e39f7b05b626a46a"
24,"2023-03-29T15:38:38.417Z","bachelor","female","Bridal Stylist & Coordinator","64245b2028c4d08a819e1989"
33,"2023-03-29T15:38:38.538Z","bachelor","male","Retail ","64245b5bf1ea98466bcab6fc"
33,"2023-03-29T15:38:39.224Z","high school","male","Electrical Engineer","64245b04e39f7b05b626a46c"
22,"2023-03-29T15:38:39.231Z","high school","female","student","64245b372f63da2abdc4a290"
35,"2023-03-29T15:38:39.579Z","master","female","Medical Records Assistant","64245b29f1ea98466bcab6ce"
47,"2023-03-29T15:38:39.638Z","high school","female","Administrator","64245aa85d47dbfaf1a71e04"
38,"2023-03-29T15:38:41.064Z","bachelor","female","Admin","64245b17d1669f500a2dada8"
64,"2023-03-29T15:38:43.321Z","high school","male","unemployed","64245ac128c4d08a819e1949"
36,"2023-03-29T15:38:46.116Z","master","male","Business owner","64245b0ed1669f500a2dad9f"
44,"2023-03-29T15:38:48.126Z","bachelor","male","ICT Manager","64245b5d28c4d08a819e19b8"
36,"2023-03-29T15:38:50.794Z","doctorate","male","University Lecturer","64245a74d1669f500a2dad85"
23,"2023-03-29T15:38:53.482Z","master","female","shop assistant ","64245b425d47dbfaf1a71e12"
32,"2023-03-29T15:38:55.111Z","bachelor","female","IT Manager","64245b0f28c4d08a819e1979"
52,"2023-03-29T15:38:57.440Z","high school","female","administrator","64245b3628c4d08a819e1994"
78,"2023-03-29T15:38:57.584Z","master","male","Retired teacher","64245af328c4d08a819e1969"
33,"2023-03-29T15:39:00.644Z","high school","female","Trainer","64245ad028c4d08a819e1952"
23,"2023-03-29T15:39:01.207Z","bachelor","female","Software Developer","64245955f1ea98466bcab626"
32,"2023-03-29T15:39:06.280Z","less than high school","male","Unemployed","64245ad4e39f7b05b626a43f"
54,"2023-03-29T15:39:09.267Z","master","female","retired","64245b3628c4d08a819e1993"
28,"2023-03-29T15:39:10.902Z","high school","female","Illustrator ","64245b3ff1ea98466bcab6e6"
21,"2023-03-29T15:39:12.515Z","bachelor","male","student","64245b6b2f63da2abdc4a2b9"
44,"2023-03-29T15:39:13.291Z","bachelor","male","Engagement Officer","64245b27f1ea98466bcab6cc"
35,"2023-03-29T15:39:17.388Z","doctorate","female","Freelance Editor","64245b495d47dbfaf1a71e17"
57,"2023-03-29T15:39:20.362Z","bachelor","female","housewife","64245b28f1ea98466bcab6cd"
54,"2023-03-29T15:39:21.907Z","bachelor","female","Student / PA","64245b452f63da2abdc4a29a"
23,"2023-03-29T15:39:27.426Z","bachelor","male","Student","64245b3728c4d08a819e1996"
47,"2023-03-29T15:39:27.812Z","high school","male","Revenue Assurance Specialist","64245b1df1ea98466bcab6c4"
25,"2023-03-29T15:39:28.419Z","high school","female","Customer Assistant / Student","64245b2de39f7b05b626a48a"
33,"2023-03-29T15:39:30.431Z","bachelor","female","commercial partner","64245b9220f7049a5a59a1e1"
31,"2023-03-29T15:39:31.086Z","master","male","Engineer","64245b3128c4d08a819e198f"
50,"2023-03-29T15:39:35.300Z","bachelor","female","Civil Servant","64245b2ce39f7b05b626a488"
43,"2023-03-29T15:39:39.043Z","master","female","copywriter","64245b695d47dbfaf1a71e20"
74,"2023-03-29T15:39:40.026Z","high school","male","landlord","64245b6328c4d08a819e19ba"
30,"2023-03-29T15:39:40.748Z","high school","male","Student","64245b6f5d47dbfaf1a71e23"
36,"2023-03-29T15:39:41.618Z","bachelor","male","Child carer","64245b2af1ea98466bcab6d0"
38,"2023-03-29T15:39:43.954Z","bachelor","male","Ecologist","64245b22e39f7b05b626a481"
37,"2023-03-29T15:39:46.776Z","bachelor","female","marketting","64245b892f63da2abdc4a2d5"
58,"2023-03-29T15:39:47.647Z","high school","female","PA","64245b37d1669f500a2dadb7"
61,"2023-03-29T15:39:49.755Z","master","male","Senior Lecturer (Allied Health Professions)","642459a82f63da2abdc4a208"
26,"2023-03-29T15:39:50.354Z","high school","female","Unemployed","64245b785d47dbfaf1a71e2a"
60,"2023-03-29T15:39:50.523Z","high school","female","education support assistant","64245b8a20f7049a5a59a1da"
33,"2023-03-29T15:39:54.470Z","high school","male","Online Marketing Manager","64245b622f63da2abdc4a2b3"
52,"2023-03-29T15:39:55.461Z","other","female","Grocery retail worker","64245a9f5d47dbfaf1a71dfd"
37,"2023-03-29T15:39:56.934Z","high school","female","Online reseller","64245afc28c4d08a819e1971"
60,"2023-03-29T15:40:00.947Z","bachelor","female","semi retired","64245af728c4d08a819e196c"
33,"2023-03-29T15:40:01.157Z","master","male","Pharmacist ","64245b9528c4d08a819e19d1"
27,"2023-03-29T15:40:03.360Z","bachelor","male","Admissions at HIE","64245b7b20f7049a5a59a1d2"
53,"2023-03-29T15:40:04.301Z","bachelor","male","Postman","64245b362f63da2abdc4a28e"
31,"2023-03-29T15:40:06.694Z","master","male","Manager ","64245b1e28c4d08a819e1985"
24,"2023-03-29T15:40:07.909Z","doctorate","female","Student","64245b8820f7049a5a59a1d9"
59,"2023-03-29T15:40:08.582Z","bachelor","female","Full time Office Manager","64245b7028c4d08a819e19bd"
62,"2023-03-29T15:40:08.738Z","master","female","IT","64245b0ff1ea98466bcab6be"
51,"2023-03-29T15:40:09.633Z","master","male","Accountant","64245b18f1ea98466bcab6bf"
42,"2023-03-29T15:40:09.700Z","high school","male","payroll officer","64245b57f1ea98466bcab6f8"
48,"2023-03-29T15:40:13.524Z","bachelor","male","IT Manager","64245b21e39f7b05b626a47e"
31,"2023-03-29T15:40:14.273Z","bachelor","female","software engineer","64245b1cf1ea98466bcab6c1"
27,"2023-03-29T15:40:16.134Z","high school","male","unemployed","64245b1a2f63da2abdc4a27f"
36,"2023-03-29T15:40:16.139Z","bachelor","male","Book Cover Artist","64245b7820f7049a5a59a1d1"
76,"2023-03-29T15:40:16.746Z","high school","female","Book reviewer","64245b702f63da2abdc4a2bf"
47,"2023-03-29T15:40:17.079Z","master","female","Lecturer","64245af7e39f7b05b626a45d"
28,"2023-03-29T15:40:17.593Z","bachelor","female","Designer","64245b11d1669f500a2dada3"
22,"2023-03-29T15:40:20.876Z","bachelor","female","Shop assistant","64245b84f1ea98466bcab711"
23,"2023-03-29T15:40:22.087Z","bachelor","male","IT","64245b882f63da2abdc4a2d4"
30,"2023-03-29T15:40:22.055Z","master","female","Writer","64245ba85d47dbfaf1a71e47"
27,"2023-03-29T15:40:28.693Z","bachelor","diverse","Msc student (interrupted)","64245ac12f63da2abdc4a24a"
37,"2023-03-29T15:40:30.129Z","bachelor","female","Office Manager","64245b9d5d47dbfaf1a71e41"
34,"2023-03-29T15:40:31.854Z","high school","male","online retail, freelancer","64245b33d1669f500a2dadb6"
58,"2023-03-29T15:40:33.973Z","high school","male","musician","64245b2a28c4d08a819e198e"
51,"2023-03-29T15:40:34.059Z","high school","female","retail","64245b8c20f7049a5a59a1db"
41,"2023-03-29T15:40:34.283Z","master","female","Teacher","64245ba82f63da2abdc4a2e7"
47,"2023-03-29T15:40:34.761Z","bachelor","female","Event manager ","64245b8e28c4d08a819e19c9"
27,"2023-03-29T15:40:35.220Z","bachelor","male","Financial Adviser","64245b985d47dbfaf1a71e3d"
28,"2023-03-29T15:40:36.261Z","master","female","unemployed","64245b9ae39f7b05b626a497"
52,"2023-03-29T15:40:36.421Z","bachelor","female","Soft Tissue Therapist","64245ba52f63da2abdc4a2e3"
20,"2023-03-29T15:40:36.589Z","high school","male","Student","64245b88f1ea98466bcab716"
33,"2023-03-29T15:40:37.550Z","bachelor","male","Company Secretary","64245b2620f7049a5a59a1b9"
57,"2023-03-29T15:40:39.919Z","master","female","Pharmacist","64245b93f1ea98466bcab71c"
39,"2023-03-29T15:40:42.223Z","master","female","Visitor Services supervisor ","64245baa5d47dbfaf1a71e4a"
63,"2023-03-29T15:40:43.064Z","other","male","unemployed","64245b5428c4d08a819e19b1"
38,"2023-03-29T15:40:44.219Z","high school","male","forklift driver","64245baef1ea98466bcab72d"
29,"2023-03-29T15:40:44.328Z","doctorate","female","PhD researcher","64245b5028c4d08a819e19af"
32,"2023-03-29T15:40:44.503Z","high school","female","Care Leaver's personal advisor","64245b915d47dbfaf1a71e38"
52,"2023-03-29T15:40:45.147Z","doctorate","female","work as secretary","64245b572f63da2abdc4a2a8"
55,"2023-03-29T15:40:46.693Z","bachelor","female","Full Time in the Arts","64245ac2e39f7b05b626a432"
46,"2023-03-29T15:40:49.183Z","bachelor","female","Student","64245af5d1669f500a2dad92"
29,"2023-03-29T15:40:49.648Z","bachelor","female","unemployed","64245b3f28c4d08a819e199d"
73,"2023-03-29T15:40:51.225Z","high school","male","retired","64245ad1d1669f500a2dad8e"
21,"2023-03-29T15:40:51.317Z","bachelor","female","unemployed","64245b3e2f63da2abdc4a295"
61,"2023-03-29T15:40:51.794Z","high school","male","factory worker","64245b732f63da2abdc4a2c3"
65,"2023-03-29T15:40:53.279Z","bachelor","male","retired","64245b832f63da2abdc4a2cf"
33,"2023-03-29T15:40:53.945Z","high school","male","Data analyst","64245bae28c4d08a819e19d6"
38,"2023-03-29T15:40:54.501Z","bachelor","male","Systems Administrator","64245b5528c4d08a819e19b3"
49,"2023-03-29T15:40:54.796Z","high school","female","Homemaker","64245b38d1669f500a2dadb9"
32,"2023-03-29T15:40:55.976Z","master","male","Data Scientist","64245bb52f63da2abdc4a2eb"
45,"2023-03-29T15:40:56.668Z","high school","female","police staff","64245ae928c4d08a819e1960"
50,"2023-03-29T15:40:56.877Z","bachelor","male","it support","64245b395d47dbfaf1a71e0b"
39,"2023-03-29T15:40:57.206Z","high school","male","none","64245bbe28c4d08a819e19e0"
52,"2023-03-29T15:40:57.751Z","master","male","unemployed","64245ba3f1ea98466bcab727"
80,"2023-03-29T15:40:58.011Z","high school","male","retired","64245bbfe39f7b05b626a49f"
73,"2023-03-29T15:40:58.338Z","bachelor","female","retired","64245b13d1669f500a2dada5"
66,"2023-03-29T15:41:00.163Z","high school","female","LIBRARIAN","64245b9a5d47dbfaf1a71e3f"
35,"2023-03-29T15:41:00.291Z","high school","female","Admin","64245bdae39f7b05b626a4b5"
45,"2023-03-29T15:41:00.512Z","high school","female","Homemaker","64245b682f63da2abdc4a2b8"
48,"2023-03-29T15:41:01.308Z","master","female","Librarian","64245bc52f63da2abdc4a2fa"
23,"2023-03-29T15:41:01.373Z","high school","male","Community Safety Reprehensive ","64245bd8e39f7b05b626a4b2"
25,"2023-03-29T15:41:01.682Z","bachelor","male","Investment Analyst","64245b975d47dbfaf1a71e3c"
69,"2023-03-29T15:41:01.832Z","master","male","Self employed full time","64245ae1e39f7b05b626a44c"
36,"2023-03-29T15:41:03.770Z","high school","male","Freelancer","64245b67f1ea98466bcab706"
50,"2023-03-29T15:41:03.842Z","bachelor","female","Senior Account Manager","64245ba528c4d08a819e19d2"
31,"2023-03-29T15:41:05.993Z","high school","male","unemployed ","64245bce20f7049a5a59a1ed"
65,"2023-03-29T15:41:06.361Z","bachelor","female","Retired","64245b475d47dbfaf1a71e15"
22,"2023-03-29T15:41:07.119Z","bachelor","female","Student","64245be6d1669f500a2dade8"
42,"2023-03-29T15:41:07.578Z","other","male","Unemployed/Unable to work.","64245ac728c4d08a819e194c"
71,"2023-03-29T15:41:07.740Z","less than high school","male","retired","64245b3a20f7049a5a59a1c6"
27,"2023-03-29T15:41:10.514Z","bachelor","female","Customer Service Money Expert","64245b46f1ea98466bcab6ec"
61,"2023-03-29T15:41:11.321Z","high school","male","construction -","64245b4228c4d08a819e19a1"
48,"2023-03-29T15:41:12.246Z","master","female","Sales","64245b6628c4d08a819e19bc"
39,"2023-03-29T15:41:14.452Z","bachelor","female","teacher","64245b22f1ea98466bcab6c8"
36,"2023-03-29T15:41:14.762Z","bachelor","female","Solicitor","64245bc52f63da2abdc4a2f9"
32,"2023-03-29T15:41:15.390Z","high school","male","Bid Writer","64245bd9e39f7b05b626a4b4"
48,"2023-03-29T15:41:16.511Z","high school","female","senior support worker","64245b9128c4d08a819e19ce"
51,"2023-03-29T15:41:18.241Z","high school","female","homemaker","64245b762f63da2abdc4a2c6"
30,"2023-03-29T15:41:18.454Z","high school","female","homemaker","64245bb42f63da2abdc4a2ea"
63,"2023-03-29T15:41:19.079Z","bachelor","male","Retired I.T Manager","64245aade39f7b05b626a422"
40,"2023-03-29T15:41:20.249Z","high school","male","sex worker","64245bb420f7049a5a59a1e4"
28,"2023-03-29T15:41:20.339Z","bachelor","female","Social Policy","64245bb62f63da2abdc4a2ec"
45,"2023-03-29T15:41:20.430Z","bachelor","female","Self employed","64245b2ad1669f500a2dadb4"
20,"2023-03-29T15:41:23.170Z","high school","female","student","64245bbfd1669f500a2dadc6"
20,"2023-03-29T15:41:24.018Z","bachelor","male","Part time work ","64245b835d47dbfaf1a71e31"
58,"2023-03-29T15:41:26.204Z","bachelor","male","Project Manager","64245bd0e39f7b05b626a4ad"
24,"2023-03-29T15:41:29.466Z","bachelor","male","Software Engineer","64245bfa2f63da2abdc4a318"
36,"2023-03-29T15:41:31.076Z","high school","male","driver","64245c0028c4d08a819e19fd"
32,"2023-03-29T15:41:33.177Z","high school","male","Fleet Admin","64245c0d28c4d08a819e1a07"
19,"2023-03-29T15:41:35.280Z","high school","male","unemployed","64245bd2d1669f500a2dadd4"
36,"2023-03-29T15:41:36.778Z","bachelor","male","Administrator","64245bfbe39f7b05b626a4d3"
45,"2023-03-29T15:41:36.815Z","high school","female","Health care worker","64245ba75d47dbfaf1a71e46"
72,"2023-03-29T15:41:36.983Z","high school","female","Retired","64245b3720f7049a5a59a1c5"
22,"2023-03-29T15:41:37.594Z","bachelor","female","Legal Assistant ","64245be9e39f7b05b626a4c1"
76,"2023-03-29T15:41:39.566Z","less than high school","female","Retired","64245b2df1ea98466bcab6d3"
25,"2023-03-29T15:41:42.253Z","high school","female","Admin Assistant","64245bf6e39f7b05b626a4d0"
43,"2023-03-29T15:41:42.315Z","bachelor","male","designer","64245be0d1669f500a2dade1"
44,"2023-03-29T15:41:43.797Z","bachelor","male","Retail","64245ba62f63da2abdc4a2e4"
30,"2023-03-29T15:41:44.847Z","high school","male","Customer Service Manager","64245b06f1ea98466bcab6b9"
35,"2023-03-29T15:41:45.233Z","master","male","Accountant","64245b8f5d47dbfaf1a71e37"
69,"2023-03-29T15:41:47.631Z","high school","male","Retired","64245b6d2f63da2abdc4a2ba"
45,"2023-03-29T15:41:47.897Z","bachelor","female","Self employed bookkeeper","64245bd728c4d08a819e19e8"
51,"2023-03-29T15:41:48.085Z","high school","female","housewife","64245ba7f1ea98466bcab729"
22,"2023-03-29T15:41:50.167Z","bachelor","female","student","64245bf9d1669f500a2dadea"
55,"2023-03-29T15:41:50.933Z","high school","male","Commercial Director","64245ba35d47dbfaf1a71e42"
58,"2023-03-29T15:41:52.004Z","other","female","unemployed","64245b8928c4d08a819e19c7"
29,"2023-03-29T15:41:52.038Z","master","male","Civil Engineer","64245bfe2f63da2abdc4a31d"
49,"2023-03-29T15:41:54.102Z","high school","female","sales","64245bbe2f63da2abdc4a2f3"
37,"2023-03-29T15:41:56.122Z","bachelor","diverse","Creative Director","64245c0ff1ea98466bcab738"
27,"2023-03-29T15:41:58.498Z","high school","female","Receptionist","64245bd228c4d08a819e19e4"
21,"2023-03-29T15:42:00.135Z","high school","female","Student","64245bdb28c4d08a819e19eb"
58,"2023-03-29T15:42:01.603Z","bachelor","female","Fitness instructor","64245b2f2f63da2abdc4a289"
28,"2023-03-29T15:42:02.403Z","high school","male","Employed part time , it support","64245acde39f7b05b626a439"
19,"2023-03-29T15:42:02.733Z","high school","male","student","64245bcc2f63da2abdc4a301"
61,"2023-03-29T15:42:02.912Z","high school","female","Housewife","64245b475d47dbfaf1a71e14"
26,"2023-03-29T15:42:04.142Z","other","male","Self-Employed","64245b01e39f7b05b626a468"
22,"2023-03-29T15:42:05.377Z","master","male","unemployed","64245c0e28c4d08a819e1a08"
58,"2023-03-29T15:42:06.950Z","high school","male","Executive officer ","64245bd2e39f7b05b626a4af"
20,"2023-03-29T15:42:11.570Z","high school","female","student ","64245c0a28c4d08a819e1a05"
33,"2023-03-29T15:42:11.677Z","high school","female","Unemployed ","64245b31e39f7b05b626a490"
56,"2023-03-29T15:42:12.160Z","bachelor","male","Marketer","64245beae39f7b05b626a4c2"
48,"2023-03-29T15:42:13.919Z","high school","male","m","64245bbee39f7b05b626a49e"
49,"2023-03-29T15:42:14.488Z","bachelor","female","Administrator","64245bec20f7049a5a59a203"
32,"2023-03-29T15:42:14.660Z","master","male","Private Language Tutor","64245b4428c4d08a819e19a2"
60,"2023-03-29T15:42:18.304Z","high school","male","Civil Servant","64245b89f1ea98466bcab718"
36,"2023-03-29T15:42:19.026Z","master","female","Student","64245c07d1669f500a2dadfa"
64,"2023-03-29T15:42:20.526Z","master","male","Retired","64245b632f63da2abdc4a2b4"
29,"2023-03-29T15:42:20.749Z","high school","male","Manager in company","64245bf02f63da2abdc4a30b"
46,"2023-03-29T15:42:20.997Z","master","male","Software Developer Manager","64245bbdd1669f500a2dadc4"
40,"2023-03-29T15:42:21.674Z","high school","female","customer service assistant","64245bef2f63da2abdc4a30a"
35,"2023-03-29T15:42:21.684Z","master","male","Health care worker","64245bc82f63da2abdc4a2fe"
40,"2023-03-29T15:42:22.565Z","bachelor","female","Self-employed research participant","64245b752f63da2abdc4a2c5"
31,"2023-03-29T15:42:25.871Z","high school","male","supervisor","64245b9228c4d08a819e19cf"
26,"2023-03-29T15:42:25.900Z","bachelor","male","CS ","64245c0828c4d08a819e1a04"
31,"2023-03-29T15:42:26.155Z","master","female","Digital Analyst","64245b3f2f63da2abdc4a296"
55,"2023-03-29T15:42:26.589Z","master","female","administrator","64245c1ae39f7b05b626a4ee"
45,"2023-03-29T15:42:28.915Z","bachelor","male","Banking Advisor","64245c1620f7049a5a59a21a"
66,"2023-03-29T15:42:29.348Z","high school","male","Retired","64245c1420f7049a5a59a219"
45,"2023-03-29T15:42:30.125Z","high school","male","Driver","64245c222f63da2abdc4a32f"
36,"2023-03-29T15:42:31.306Z","bachelor","male","Education consultant","64245c19f1ea98466bcab741"
67,"2023-03-29T15:42:32.682Z","high school","male","purchasing manager","64245be6e39f7b05b626a4bd"
29,"2023-03-29T15:42:33.855Z","bachelor","female","teacher","64245a9a2f63da2abdc4a232"
36,"2023-03-29T15:42:34.338Z","high school","female","Student","64245bbc2f63da2abdc4a2f1"
58,"2023-03-29T15:42:35.759Z","bachelor","male","retired","64245c3073721ed1e99a3e37"
33,"2023-03-29T15:42:36.990Z","high school","female","Support worker","64245c25f1ea98466bcab751"
56,"2023-03-29T15:42:37.696Z","bachelor","female","Manager","64245b602f63da2abdc4a2b1"
42,"2023-03-29T15:42:38.956Z","master","male","Accountant","64245bd8d1669f500a2dadd8"
65,"2023-03-29T15:42:40.351Z","bachelor","male","retired","64245c15f1ea98466bcab73d"
28,"2023-03-29T15:42:42.425Z","master","female","homemaker","64245c1628c4d08a819e1a0c"
32,"2023-03-29T15:42:42.659Z","master","male","Project Lead","64245c3b73721ed1e99a3e40"
60,"2023-03-29T15:42:46.452Z","other","male","Support worker","64245b7d5d47dbfaf1a71e2c"
45,"2023-03-29T15:42:46.670Z","bachelor","female","Homemaker","64245c2020f7049a5a59a221"
55,"2023-03-29T15:42:50.316Z","doctorate","female","Lecturer","64245bf3e39f7b05b626a4cc"
45,"2023-03-29T15:42:50.583Z","high school","female","Compliance manager","64245c3ae39f7b05b626a4fe"
62,"2023-03-29T15:42:53.065Z","bachelor","male","Retailer","64245b3a5d47dbfaf1a71e0d"
24,"2023-03-29T15:42:58.425Z","high school","female","unempolyed","64245c3120f7049a5a59a22b"
57,"2023-03-29T15:42:59.553Z","high school","female","supply chain director","64245c29d51fb5cfd5fc1f24"
55,"2023-03-29T15:42:59.575Z","bachelor","male","Category Manager","64245c18e39f7b05b626a4ed"
54,"2023-03-29T15:43:00.576Z","high school","female","homemaker","64245c3bf1ea98466bcab757"
64,"2023-03-29T15:43:03.122Z","master","female","Semi retired","64245a9f2f63da2abdc4a237"
54,"2023-03-29T15:43:05.002Z","high school","male","Not working","64245bdbd1669f500a2daddb"
34,"2023-03-29T15:43:05.198Z","bachelor","female","Transcriptionist for video captioning","64245ad62f63da2abdc4a259"
33,"2023-03-29T15:43:06.432Z","bachelor","male","Business Analyst","64245c06d1669f500a2dadf9"
52,"2023-03-29T15:43:07.518Z","high school","female","housewife","64245bcc20f7049a5a59a1ec"
27,"2023-03-29T15:43:07.737Z","high school","female","Systems Analyst","64245be4d1669f500a2dade6"
39,"2023-03-29T15:43:08.118Z","master","male","Unemployed","64245c2c20f7049a5a59a228"
26,"2023-03-29T15:43:09.253Z","high school","female","Carer for adults with learning disabilities","64245c27f1ea98466bcab753"
75,"2023-03-29T15:43:09.378Z","high school","female","Retired","64245c23e39f7b05b626a4f6"
30,"2023-03-29T15:43:11.739Z","doctorate","female","Author","64245bbed1669f500a2dadc5"
25,"2023-03-29T15:43:12.217Z","bachelor","female","Self-employed","64245bf5e39f7b05b626a4cf"
63,"2023-03-29T15:43:12.277Z","high school","male","I T support Specialist","64245b5ef1ea98466bcab6fe"
24,"2023-03-29T15:43:13.016Z","bachelor","male","Student","64245c4473721ed1e99a3e45"
63,"2023-03-29T15:43:13.290Z","bachelor","male","Semi Retired","64245c52f1ea98466bcab772"
21,"2023-03-29T15:43:14.142Z","high school","male","Electrician","64245c082f63da2abdc4a326"
43,"2023-03-29T15:43:16.989Z","bachelor","female","Copywriter","64245c1ad1669f500a2dae05"
25,"2023-03-29T15:43:21.679Z","high school","male","Student","64245b82f1ea98466bcab70f"
34,"2023-03-29T15:43:22.787Z","high school","female","Web Developer","64245c44d51fb5cfd5fc1f35"
63,"2023-03-29T15:43:23.231Z","less than high school","female","retired","64245c48d51fb5cfd5fc1f3a"
36,"2023-03-29T15:43:31.409Z","less than high school","male","unemployed","64245c3173721ed1e99a3e39"
25,"2023-03-29T15:43:32.130Z","bachelor","male","Unemployed","64245c5220f7049a5a59a234"
52,"2023-03-29T15:43:32.809Z","master","male","Scientist","64245bf520f7049a5a59a20b"
61,"2023-03-29T15:43:35.797Z","high school","female","Retired","64245c0be39f7b05b626a4e3"
26,"2023-03-29T15:43:36.949Z","master","female","Student","64245c02e39f7b05b626a4d6"
53,"2023-03-29T15:43:37.264Z","bachelor","female","lecturer","64245c4cf1ea98466bcab769"
54,"2023-03-29T15:43:42.200Z","high school","male","I.T. Contractor","64245c22f1ea98466bcab74d"
58,"2023-03-29T15:43:43.033Z","master","female","Teacher","64245b93f1ea98466bcab71b"
57,"2023-03-29T15:43:45.791Z","high school","female","Not working","64245c0a20f7049a5a59a211"
19,"2023-03-29T15:43:46.866Z","high school","male","Student","64245c42f1ea98466bcab75f"
30,"2023-03-29T15:43:47.437Z","high school","female","Homemaker","64245c54d1669f500a2dae20"
59,"2023-03-29T15:43:48.948Z","bachelor","male","Sales Manager","64245c0ad1669f500a2dadfd"
60,"2023-03-29T15:43:49.223Z","bachelor","female","homemaker","64245c13e39f7b05b626a4eb"
36,"2023-03-29T15:43:49.337Z","high school","female","Buyer","64245c6c20f7049a5a59a244"
41,"2023-03-29T15:43:51.244Z","bachelor","male","Freelance Writer","64245c3e73721ed1e99a3e41"
53,"2023-03-29T15:43:52.325Z","bachelor","female","Database manager ","64245bc9e39f7b05b626a4a3"
56,"2023-03-29T15:43:53.742Z","bachelor","male","Retired","64245c232f63da2abdc4a330"
29,"2023-03-29T15:43:55.242Z","high school","male","warehouseman","64245c1fe39f7b05b626a4f0"
71,"2023-03-29T15:43:57.345Z","less than high school","male","Buyer","64245c6bf1ea98466bcab787"
46,"2023-03-29T15:43:58.966Z","bachelor","male","Wood carver","64245c235d47dbfaf1a71e51"
40,"2023-03-29T15:44:03.586Z","bachelor","male","Self Employed Director","64245c3220f7049a5a59a22c"
50,"2023-03-29T15:44:06.839Z","high school","male","Plumber","64245bfbd1669f500a2daded"
32,"2023-03-29T15:44:07.608Z","bachelor","female","Unemployed ","64245bb028c4d08a819e19d7"
46,"2023-03-29T15:44:09.672Z","master","male","Lawyer ","64245c23d1669f500a2dae10"
29,"2023-03-29T15:44:09.945Z","master","female","Data Analyst","64245c3473721ed1e99a3e3c"
68,"2023-03-29T15:44:14.297Z","high school","female","Invigilator","64245c4cd51fb5cfd5fc1f3e"
32,"2023-03-29T15:44:14.904Z","master","male","Service Desk Analyst","64245c3b2f63da2abdc4a33b"
39,"2023-03-29T15:44:15.450Z","high school","female","mashine operator","64245c4373721ed1e99a3e44"
45,"2023-03-29T15:44:16.601Z","high school","female","homemaker","64245c512f63da2abdc4a34b"
52,"2023-03-29T15:44:18.694Z","master","female","IT service desk analyst","64245c46d51fb5cfd5fc1f37"
24,"2023-03-29T15:44:19.624Z","master","female","Marketing","64245ca72f63da2abdc4a381"
28,"2023-03-29T15:44:20.213Z","high school","male","long term illness","64245c45d51fb5cfd5fc1f36"
48,"2023-03-29T15:44:23.078Z","high school","female","social prescriber","64245c4ed1669f500a2dae1a"
28,"2023-03-29T15:44:23.492Z","bachelor","male","IT Support Supervisor","64245c46f1ea98466bcab765"
20,"2023-03-29T15:44:32.975Z","high school","female","Student","64245c182f63da2abdc4a329"
35,"2023-03-29T15:44:33.301Z","bachelor","male","Deputy Manager ","64245c1ad1669f500a2dae06"
33,"2023-03-29T15:44:34.504Z","master","female","user researcher","64245c44f1ea98466bcab761"
45,"2023-03-29T15:44:36.677Z","master","male","Local Government","64245c5e20f7049a5a59a23e"
30,"2023-03-29T15:44:38.102Z","doctorate","female","Researcher","64245c4e2f63da2abdc4a347"
35,"2023-03-29T15:44:39.056Z","bachelor","male","Engineering Business Manager","64245c11e39f7b05b626a4e5"
28,"2023-03-29T15:44:41.018Z","bachelor","female","Human Resources","64245c7f2f63da2abdc4a361"
31,"2023-03-29T15:44:43.481Z","master","male","Engineer","64245c522f63da2abdc4a34c"
34,"2023-03-29T15:44:44.705Z","bachelor","male","director ","64245a8c20f7049a5a59a190"
42,"2023-03-29T15:44:46.942Z","high school","female","POD Supervisor","64245ab120f7049a5a59a1a0"
50,"2023-03-29T15:44:47.695Z","high school","female","self employed","64245c39e39f7b05b626a4fd"
62,"2023-03-29T15:44:48.037Z","master","male","Management Consultant","64245bfd2f63da2abdc4a31c"
58,"2023-03-29T15:44:50.223Z","bachelor","male","Bid manager","64245c1e28c4d08a819e1a0e"
22,"2023-03-29T15:44:52.754Z","bachelor","female","Student","64245c4c2f63da2abdc4a345"
72,"2023-03-29T15:44:53.752Z","bachelor","male","Retired","64245bba2f63da2abdc4a2ef"
20,"2023-03-29T15:44:54.048Z","high school","male","Student","64245c05d1669f500a2dadf7"
47,"2023-03-29T15:44:56.518Z","high school","female","Research assistant.","64245c30d51fb5cfd5fc1f25"
31,"2023-03-29T15:45:05.390Z","bachelor","male","Project Manager","64245c9b2f63da2abdc4a37a"
30,"2023-03-29T15:45:07.715Z","doctorate","female","Lecturer","64245c50d1669f500a2dae1d"
51,"2023-03-29T15:45:08.341Z","high school","female","Analyst","64245c8d2f63da2abdc4a370"
33,"2023-03-29T15:45:10.045Z","master","male","health care assitastance","64245c22d1669f500a2dae0d"
29,"2023-03-29T15:45:17.196Z","bachelor","female","producer","64245c4f2f63da2abdc4a349"
50,"2023-03-29T15:45:19.893Z","high school","male","Unemployed","64245bb9d1669f500a2dadbf"
67,"2023-03-29T15:45:39.707Z","high school","male","Retired","64245a995d47dbfaf1a71df7"
66,"2023-03-29T15:45:41.020Z","bachelor","male","Retired","64245c3b20f7049a5a59a232"
35,"2023-03-29T15:45:57.028Z","bachelor","female","ACCOUNTANT","6424584ef1ea98466bcab5b4"
28,"2023-03-29T15:45:58.139Z","master","male","full time employee","64245c3ff1ea98466bcab75b"
43,"2023-03-29T15:46:09.630Z","high school","female","unemployed","64245b7c5d47dbfaf1a71e2b"
38,"2023-03-29T15:46:13.934Z","bachelor","male","Designer","64245be92f63da2abdc4a306"
27,"2023-03-29T15:46:15.349Z","high school","male","Administrator","64245bc920f7049a5a59a1e8"
31,"2023-03-29T15:46:16.071Z","master","female","Research Manager","64245bb25d47dbfaf1a71e4e"
23,"2023-03-29T15:46:19.444Z","bachelor","male","Professional regulation ","64245c53d1669f500a2dae1e"
65,"2023-03-29T15:46:21.595Z","doctorate","male","Retired ","64245b9d2f63da2abdc4a2db"
67,"2023-03-29T15:46:21.694Z","high school","female","Retired","64245c1028c4d08a819e1a0a"
65,"2023-03-29T15:46:33.785Z","less than high school","female","Retired","64245b882f63da2abdc4a2d3"
35,"2023-03-29T15:46:34.992Z","bachelor","male","Video Editor","64245bdcd1669f500a2daddc"
55,"2023-03-29T15:46:40.593Z","high school","female","Retired","64245c40d1669f500a2dae12"
43,"2023-03-29T15:46:45.905Z","bachelor","male","unemployed","64245c3b2f63da2abdc4a33c"
58,"2023-03-29T15:46:52.566Z","high school","male","Plumbing and heating engineer.","64245c1d20f7049a5a59a21d"
39,"2023-03-29T15:46:52.984Z","bachelor","male","Techie","64245d2673721ed1e99a3e85"
36,"2023-03-29T15:46:56.090Z","bachelor","male","Accountant","64245c752f63da2abdc4a359"
20,"2023-03-29T15:47:02.538Z","high school","male","Student","64245cbad1669f500a2dae46"
74,"2023-03-29T15:47:09.540Z","high school","female","Retired","64245c4bd51fb5cfd5fc1f3d"
39,"2023-03-29T15:47:12.974Z","high school","male","carer","64245d24f1ea98466bcab7bb"
78,"2023-03-29T15:47:22.558Z","high school","male","Retired","64245c1dd1669f500a2dae08"
43,"2023-03-29T15:47:33.122Z","bachelor","male","Retail manager","64245c892f63da2abdc4a36b"
52,"2023-03-29T15:47:44.419Z","high school","female","Contract Head Teacher","64245c072f63da2abdc4a324"
34,"2023-03-29T15:47:46.782Z","less than high school","female","unemployed","64245c62f1ea98466bcab77b"
64,"2023-03-29T15:47:50.442Z","bachelor","male","Minister of Religion","64245c4cf1ea98466bcab76b"
63,"2023-03-29T15:47:56.135Z","bachelor","female","customer service","64245c5420f7049a5a59a236"
69,"2023-03-29T15:48:03.832Z","high school","male","administrator","64245d0573721ed1e99a3e7d"
59,"2023-03-29T15:48:05.775Z","high school","male","Photographer","64245c40d51fb5cfd5fc1f31"
42,"2023-03-29T15:48:13.323Z","high school","female","Administrator","64245c912f63da2abdc4a373"
25,"2023-03-29T15:48:19.690Z","bachelor","female","Teacher","64245d53f1ea98466bcab7cb"
43,"2023-03-29T15:48:25.499Z","bachelor","female","nurse","64245d45f1ea98466bcab7c7"
68,"2023-03-29T15:48:47.995Z","less than high school","female","retired","64245c662f63da2abdc4a356"
51,"2023-03-29T15:48:50.139Z","high school","female","homemaker ","64245c7320f7049a5a59a24b"
48,"2023-03-29T15:49:21.634Z","high school","female","Teaching Assistant","64245ce173721ed1e99a3e6f"
21,"2023-03-29T15:49:58.418Z","high school","female","Retail","64245d3bf1ea98466bcab7c3"
36,"2023-03-29T15:50:04.861Z","bachelor","male","Customer Service Advisor","64245bebe39f7b05b626a4c3"
44,"2023-03-29T15:50:16.435Z","bachelor","female","Teacher","64245daaf1ea98466bcab7e7"
50,"2023-03-29T15:50:33.210Z","high school","female","buyer","64245c0e20f7049a5a59a215"
37,"2023-03-29T15:50:35.659Z","high school","female","assistant manager","64245c41d51fb5cfd5fc1f32"
53,"2023-03-29T15:50:38.229Z","high school","female","Semi skilled manual work in agriculture.","64245dc573721ed1e99a3e97"
37,"2023-03-29T15:50:45.669Z","high school","male","fuel technician","64245d6ef1ea98466bcab7d8"
34,"2023-03-29T15:51:09.621Z","bachelor","female","Customer Service","64245cd373721ed1e99a3e63"
44,"2023-03-29T15:51:53.466Z","bachelor","male","Engineer","64245c61f1ea98466bcab779"
32,"2023-03-29T15:51:54.848Z","master","female","Hospitality manager","64245e1ff1ea98466bcab7fb"
45,"2023-03-29T15:52:18.244Z","high school","male","Office Manager","64245ab72f63da2abdc4a241"
57,"2023-03-29T15:54:17.403Z","bachelor","female","retired","64245e1af1ea98466bcab7fa"
29,"2023-03-29T15:54:33.490Z","bachelor","male","I work in retail.","64245c26f1ea98466bcab752"
27,"2023-03-29T16:02:02.910Z","bachelor","female","part time emloyed","64245c0128c4d08a819e19fe"
33,"2023-03-29T16:16:24.613Z","bachelor","male","Railway","64245a4d5d47dbfaf1a71dd1"
22,"2023-03-30T11:49:27.368Z","master","female","Finance officer","642576fc32fd304b383cfca3"
